scenario,functional,predicted_Pd_gap_kcal,Pd_signed_error_kcal,set_MAE,set_MSE,set_RMSE,delta_set_MAE,NER_frozen,overall_NER_frozen,TM_NER_frozen,delta_overall_NER_frozen,overall_rank_frozen,NER_exploratory_panel,overall_NER_exploratory_panel,TM_NER_exploratory_panel,overall_rank_exploratory_panel,delta_overall_NER_vs_current_exploratory_panel
current_official,wB97M2,22.7156080214,-50.0043922636,5.77195661086,-3.03046635142,11.9246200723,0,1.11138810484,0.948532485059,1.05187242168,0,1,1.11138810484,0.948532485059,1.05187242168,1,0
current_official,B3LYP,16.8687958387,-55.8512044463,7.46233063891,-0.497997689788,12.0796289988,0,1.43686899704,5.69116028554,2.12867406192,0,16,1.43686899704,5.69116028554,2.12867406192,16,0
current_official,BMK,-6.45541743184,-79.1754177169,8.264940639,-3.64059185601,16.3569161097,0,1.5914112549,4.52362009851,1.98948066064,0,15,1.5914112549,4.52362009851,1.98948066064,15,0
current_official,CAMB3LYP,17.8300455363,-54.8899547487,5.31282213003,-1.47167502817,10.8636729811,0,1.02298193082,3.64800509733,1.85042557165,0,13,1.02298193082,3.64800509733,1.85042557165,13,0
current_official,CF22D,22.5781673824,-50.1418329027,4.93902333124,-1.08225617335,9.94653164186,0,0.951007110745,1.24925710506,1.03924895308,0,3,0.951007110745,1.24925710506,1.03924895308,3,0
current_official,M052X,22.6520902574,-50.0679100276,9.81173770499,2.52771713246,13.2394848706,0,1.88924645632,1.94149334606,1.74440411212,0,6,1.88924645632,1.94149334606,1.74440411212,6,0
current_official,M062X,23.8751042143,-48.8448960707,8.15788959349,0.667402237788,12.103532141,0,1.57079861579,1.97100444588,2.28259134454,0,7,1.57079861579,1.97100444588,2.28259134454,7,0
current_official,M08HX,28.5188424322,-44.2011578528,5.16186589579,-4.1296293027,9.1491565364,0,0.993915363905,1.99347506192,2.2229666512,0,8,0.993915363905,1.99347506192,2.2229666512,8,0
current_official,MN15,21.26769241,-51.452307875,6.95760235311,0.933605928603,11.7513806572,0,1.3396837528,2.00986935637,1.10391696843,0,9,1.3396837528,2.00986935637,1.10391696843,9,0
current_official,PBE0,16.6255562238,-56.0944440612,8.74710365861,-6.22643718731,13.0839257474,0,1.68425156552,3.47768227047,1.61019905541,0,12,1.68425156552,3.47768227047,1.61019905541,12,0
current_official,PW6B95,19.2755297995,-53.4444704855,5.80285920716,-3.32486389387,10.9994381838,0,1.11733838829,3.27735693207,1.36358141951,0,11,1.11733838829,3.27735693207,1.36358141951,11,0
current_official,SOGGA11X,19.1952185643,-53.5247817207,5.51552609185,0.517204656626,10.7724715144,0,1.0620125035,4.11485677634,2.03480975046,0,14,1.0620125035,4.11485677634,2.03480975046,14,0
current_official,r2SCAN0,12.0108313458,-60.7091689392,17.0388552125,-6.98576530773,24.2080879204,0,3.28082525214,2.8116739973,1.65685897988,0,10,3.28082525214,2.8116739973,1.65685897988,10,0
current_official,wB97M-V,24.7833539598,-47.9366463253,5.10571071812,-3.27907336469,9.53477996178,0,0.98310270527,1.07553850234,1.18766208872,0,2,0.98310270527,1.07553850234,1.18766208872,2,0
current_official,wB97X-V,22.8991443142,-49.8208559708,6.23755127234,-4.42004518576,10.390598037,0,1.20103818423,1.31290512145,1.26811157977,0,4,1.20103818423,1.31290512145,1.26811157977,4,0
current_official,revDSD-PBEP86-D4,21.0679882038,-51.6520120812,4.32488942252,-1.74664866306,9.92661148791,0,0.832755854379,1.52195946704,1.35303211616,0,5,0.832755854379,1.52195946704,1.35303211616,5,0
issue_QZ,wB97M2,22.7156080214,2.37591439776,4.28356667756,-1.39358176825,8.01462679925,-1.48838993331,0.824799175161,0.946440595061,1.02002920728,-0.00209188999762,1,1.13711598114,0.948720279776,1.05473107461,1,0.000187794717583
issue_QZ,B3LYP,16.8687958387,-3.47089778493,5.82544605574,1.13888689338,6.98670180879,-1.63688458317,1.12168747761,5.68885969051,2.09365389309,-0.00230059503237,16,1.54642341439,5.69195995282,2.14084677496,16,0.000799667279903
issue_QZ,BMK,-6.45541743184,-26.7951110555,6.62805605583,-2.00370727284,9.69985462797,-1.63688458317,1.27622973547,4.52131950348,1.95446049181,-0.00230059503237,15,1.75948433451,4.52484690931,2.00815544726,15,0.00122681080006
issue_QZ,CAMB3LYP,17.8300455363,-2.50964808736,3.67593754686,0.165209555002,4.90539149084,-1.63688458317,0.70780041139,3.6457045023,1.81540540283,-0.00230059503237,13,0.975814699494,3.64766081097,1.84518476817,13,-0.000344286360079
issue_QZ,CF22D,22.5781673824,2.2384737587,3.44204335799,0.554628409819,4.53003550072,-1.49697997325,0.662764172066,1.247153142,1.00722195989,-0.00210396305605,3,0.913725127864,1.2489849738,1.03510651054,3,-0.000272131261907
issue_QZ,M052X,22.6520902574,2.31239663377,8.31937791143,4.16460171563,9.8546281515,-1.49235979356,1.60189313152,1.93939587654,1.71247596492,-0.00209746952404,6,2.20846278075,1.94382339223,1.77987259261,6,0.00233004616378
issue_QZ,M062X,23.8751042143,3.53541059068,6.74196817224,2.30428682095,8.5046512001,-1.41592142125,1.29816347124,1.96901440833,2.2522985507,-0.00199003755148,7,1.7897234548,1.97260243741,2.30691632665,7,0.00159799152559
issue_QZ,M08HX,28.5188424322,8.17914880852,4.03617811315,-2.49274471954,4.97425311661,-1.12568778263,0.777164598831,1.99189293955,2.19888323286,-0.0015821223728,8,1.07144419142,1.99404096577,2.23158096537,8,0.000565903850441
issue_QZ,MN15,21.26769241,0.927998786314,5.37871769408,2.57049051177,7.44261276219,-1.57888465902,1.03567009725,2.00765027859,1.07013767337,-0.00221907777774,9,1.42783486482,2.01051279515,1.11371153643,9,0.000643438773915
issue_QZ,PBE0,16.6255562238,-3.71413739983,7.11021907545,-4.58955260414,8.56092098013,-1.63688458317,1.36907004608,3.47538167544,1.57517888659,-0.00230059503237,12,1.88747937145,3.47916568511,1.63277992274,12,0.00148341464186
issue_QZ,PW6B95,19.2755297995,-1.06416382412,4.16597462399,-1.6879793107,5.63589364763,-1.63688458317,0.802156868857,3.27505633704,1.32856125068,-0.00230059503237,11,1.10589998442,3.27727344008,1.36231048575,11,-8.34919990438e-05
issue_QZ,SOGGA11X,19.1952185643,-1.14447505939,3.87864150869,2.15408923979,5.15353072488,-1.63688458317,0.746830984065,4.11255618131,1.99978958164,-0.00230059503237,14,1.02962451075,4.11462036764,2.0312110846,14,-0.000236408706181
issue_QZ,r2SCAN0,12.0108313458,-8.32886227788,15.4019706293,-5.34888072457,21.7491202537,-1.63688458317,2.9656437327,2.80937340227,1.62183881105,-0.00230059503237,10,4.08860845693,2.81757022507,1.7466126693,10,0.00589622777225
issue_QZ,wB97M-V,24.7833539598,4.44366033609,3.74655490595,-1.64218878153,4.44061152072,-1.35915581216,0.721397757695,1.07362824725,1.15858376121,-0.00191025509179,2,0.994560789754,1.07562213799,1.18893520921,2,8.36356531639e-05
issue_QZ,wB97X-V,22.8991443142,2.55945069052,4.76063235733,-2.7831606026,5.53200342405,-1.47691891501,0.916657994877,1.31082935364,1.23651378095,-0.00207576780551,4,1.26375787781,1.31336292943,1.27508043461,4,0.000457807982295
issue_QZ,revDSD-PBEP86-D4,21.0679882038,0.728294580176,2.73352325061,-0.109764079889,3.89632744221,-1.59136617191,0.526338888152,1.51972284684,1.31898578657,-0.00223662019144,5,0.725641318807,1.52117760911,1.34113050109,5,-0.000781857923877
ACCDB_experiment,wB97M2,22.7156080214,3.94562369954,4.33262009324,-1.34452835257,8.03394895225,-1.43933651763,0.834244392158,0.946509538251,1.02107867583,-0.00202294680786,1,1.15242971652,0.948832058866,1.05643260076,1,0.000299573807884
ACCDB_experiment,B3LYP,16.8687958387,-1.90118848315,5.77639264006,1.18794030906,6.96781766296,-1.68593799885,1.11224226061,5.68879074732,2.09260442454,-0.00236953822213,16,1.53645747594,5.69188720874,2.13973944846,16,0.000726923203629
ACCDB_experiment,BMK,-6.45541743184,-25.2254017537,6.57900264015,-1.95465385716,9.56741323268,-1.68593799885,1.26678451847,4.52125056029,1.95341102326,-0.00236953822213,15,1.74994298701,4.52477726444,2.00709529754,15,0.00115716592778
ACCDB_experiment,CAMB3LYP,17.8300455363,-0.939938785583,3.62688413118,0.214262970682,4.88811330265,-1.68593799885,0.698355194393,3.64563555911,1.81435593427,-0.00236953822213,13,0.964711643574,3.64757976677,1.84395109529,13,-0.000425330563874
ACCDB_experiment,CF22D,22.5781673824,3.80818306048,3.49109677367,0.6036818255,4.5626561133,-1.44792655757,0.672209389064,1.24722208519,1.00827142845,-0.00203501986629,3,0.928593686645,1.24909350342,1.03675857262,3,-0.000163601635768
ACCDB_experiment,M052X,22.6520902574,3.88210593555,8.36843132711,4.21365513131,9.87003330865,-1.44330637788,1.61133834852,1.93946481973,1.71352543347,-0.00202852633428,6,2.22591151184,1.94395075523,1.78181134051,6,0.00245740916443
ACCDB_experiment,M062X,23.8751042143,5.10511989246,6.79102158792,2.35334023664,8.52953337345,-1.36686800557,1.30760868824,1.96908335152,2.25334801925,-0.00192109436172,7,1.80633771598,1.97272370939,2.30876235567,7,0.001719263505
ACCDB_experiment,M08HX,28.5188424322,9.7488581103,4.08523152883,-2.44369130385,5.06187949717,-1.07663436695,0.786609815829,1.99196188274,2.19993270141,-0.00151317918304,8,1.08662705507,1.99415178959,2.23326795022,8,0.00067672767277
ACCDB_experiment,MN15,21.26769241,2.49770808809,5.42777110976,2.61954392745,7.45389343573,-1.52983124334,1.04511531424,2.00771922178,1.07118714192,-0.00215013458798,9,1.44372794908,2.01062880306,1.11547743468,9,0.000759446688178
ACCDB_experiment,PBE0,16.6255562238,-2.14442809805,7.06116565977,-4.54049918846,8.54411993007,-1.68593799885,1.35962482909,3.47531273225,1.57412941803,-0.00236953822213,12,1.87819309435,3.47909790207,1.63174811417,12,0.00141563159731
ACCDB_experiment,PW6B95,19.2755297995,0.50554547766,4.14851780067,-1.63892589502,5.63346208556,-1.65434140649,0.798795564,3.27503180197,1.32818777237,-0.00232513010432,11,1.10346051352,3.27725563372,1.36203943342,11,-0.000101298355981
ACCDB_experiment,SOGGA11X,19.1952185643,0.425234242387,3.85616523316,2.20314265547,5.15010657302,-1.6593608587,0.742503185547,4.11252459154,1.99930871514,-0.00233218480257,14,1.02569791739,4.11459170637,2.03077479645,14,-0.000265069971594
ACCDB_experiment,r2SCAN0,12.0108313458,-6.7591529761,15.3529172136,-5.29982730889,21.7320986821,-1.68593799885,2.95619851571,2.80930445908,1.6207893425,-0.00236953822213,10,4.08370862237,2.81753445986,1.74606824324,10,0.00586046255642
ACCDB_experiment,wB97M-V,24.7833539598,6.01336963786,3.79560832163,-1.59313536585,4.49799774522,-1.31010239648,0.730842974692,1.07369719044,1.15963322976,-0.00184131190203,2,1.00959043904,1.07573184346,1.19060517025,2,0.000193341122371
ACCDB_experiment,wB97X-V,22.8991443142,4.12915999229,4.80968577301,-2.73410718692,5.56157900994,-1.42786549933,0.926103211874,1.31089829683,1.23756324951,-0.00200682461575,4,1.27932398702,1.31347655066,1.2768100023,4,0.000571429217422
ACCDB_experiment,revDSD-PBEP86-D4,21.0679882038,2.29800388195,2.78257666629,-0.060710664209,3.91533112436,-1.54231275623,0.535784105149,1.51979179003,1.32003525513,-0.00216767700167,5,0.740135061397,1.52128340285,1.34274091694,5,-0.000676064182345
SI_AWQZ,wB97M2,22.7156080214,2.39560802143,4.2841821033,-1.39296634251,8.01480999457,-1.48777450757,0.824917675159,0.946441460024,1.02004237394,-0.00209102503413,1,1.1373412883,0.948721924354,1.05475610874,1,0.000189439295345
SI_AWQZ,B3LYP,16.8687958387,-3.45120416126,5.82483063,1.13950231912,6.98639693442,-1.63750000891,1.12156897761,5.68885882554,2.09364072643,-0.00230145999585,16,1.54634425267,5.691959375,2.14083797921,16,0.000799089457154
SI_AWQZ,BMK,-6.45541743184,-26.7754174318,6.62744063009,-2.0030918471,9.69815503699,-1.63750000891,1.27611123547,4.52131863852,1.95444732515,-0.00230145999585,15,1.75941677608,4.52484641619,2.00814794077,15,0.00122631767285
SI_AWQZ,CAMB3LYP,17.8300455363,-2.48995446369,3.67532212112,0.165824980741,4.90507785813,-1.63750000891,0.707681911392,3.64570363733,1.81539223616,-0.00230145999585,13,0.975704462452,3.64766000632,1.84517251961,13,-0.00034509101002
SI_AWQZ,CF22D,22.5781673824,2.25816738236,3.44265878373,0.555243835559,4.53034093491,-1.49636454751,0.662882672064,1.24715400697,1.00723512656,-0.00210309809256,3,0.913938269162,1.24898652957,1.0351301929,3,-0.000270575486014
SI_AWQZ,M052X,22.6520902574,2.33209025744,8.31999333717,4.16521714137,9.85477317553,-1.49174436782,1.60201163152,1.9393967415,1.71248913158,-0.00209660456055,6,2.20874643341,1.94382546268,1.77990410957,6,0.0023321166211
SI_AWQZ,M062X,23.8751042143,3.55510421435,6.74258359798,2.30490224669,8.50490774322,-1.41530599551,1.29828197124,1.9690152733,2.25231171737,-0.001989172588,7,1.78998430293,1.97260434141,2.30694530978,7,0.00159989552652
SI_AWQZ,M08HX,28.5188424322,8.19884243219,4.03679353889,-2.4921292938,4.97526617434,-1.1250723569,0.777283098829,1.99189380451,2.19889639952,-0.00158125740931,8,1.07166592209,1.99404258424,2.23160560211,8,0.000567522322488
SI_AWQZ,MN15,21.26769241,0.947692409979,5.37933311982,2.57110593751,7.44269031175,-1.57826923328,1.03578859724,2.00765114356,1.07015084003,-0.00221821281425,9,1.42807600451,2.01051455529,1.11373832973,9,0.000645198917644
SI_AWQZ,PBE0,16.6255562238,-3.69444377616,7.10960364971,-4.5889371784,8.5606546827,-1.63750000891,1.36895154608,3.47538081048,1.57516571992,-0.00230145999585,12,1.88741878363,3.47916524287,1.63277319076,12,0.00148297239497
SI_AWQZ,PW6B95,19.2755297995,-1.04447020045,4.16535919825,-1.68736388497,5.63577851763,-1.63750000891,0.802038368859,3.27505547208,1.32854808402,-0.00230145999585,11,1.10579683182,3.27727268714,1.36229902435,11,-8.42449377525e-05
SI_AWQZ,SOGGA11X,19.1952185643,-1.12478143572,3.87802608295,2.15470466553,5.15339522775,-1.63750000891,0.746712484067,4.11255531635,1.99977641497,-0.00230145999585,14,1.02951720419,4.11461958438,2.03119916165,14,-0.000237191965757
SI_AWQZ,r2SCAN0,12.0108313458,-8.30916865421,15.4013552036,-5.34826529883,21.7488848528,-1.63750000891,2.9655252327,2.8093725373,1.62182564439,-0.00230145999585,10,4.0886677425,2.81757065781,1.74661925659,10,0.00589666051363
SI_AWQZ,wB97M-V,24.7833539598,4.46335395975,3.74717033169,-1.64157335579,4.44122869078,-1.35854038642,0.721516257693,1.07362911221,1.15859692787,-0.0019093901283,2,0.994778333358,1.0756237259,1.18895938073,2,8.52235626814e-05
SI_AWQZ,wB97X-V,22.8991443142,2.57914431418,4.76124778307,-2.78254517686,5.53228924654,-1.47630348927,0.916776494875,1.3108302186,1.23652694762,-0.00207490284202,4,1.26399008187,1.31336462435,1.27510623507,4,0.000459502902481
SI_AWQZ,revDSD-PBEP86-D4,21.0679882038,0.747988203841,2.73413867635,-0.10914865415,3.89644403005,-1.59075074617,0.52645738815,1.51972371181,1.31899895324,-0.00223575522795,5,0.725844217069,1.52117909012,1.34115304534,5,-0.00078037691467
SI_AW5Z,wB97M2,22.7156080214,1.75560802143,4.2641821033,-1.41296634251,8.00962888829,-1.50777450757,0.821066682576,0.94641335059,1.01961448588,-0.00211913446904,1,1.13003183286,0.948668570665,1.05394394702,1,0.00013608560602
SI_AW5Z,B3LYP,16.8687958387,-4.09120416126,5.84483063,1.11950231912,6.9971844546,-1.61750000891,1.12541997019,5.68888693498,2.09406861449,-0.00227335056094,16,1.54891243141,5.69197812083,2.1411233324,16,0.00081783528732
SI_AW5Z,BMK,-6.45541743184,-27.4154174318,6.64744063009,-2.0230918471,9.75387245246,-1.61750000891,1.27996222806,4.52134674795,1.95487521321,-0.00227335056094,15,1.76160851884,4.52486241431,2.00839146774,15,0.00124231579514
SI_AW5Z,CAMB3LYP,17.8300455363,-3.12995446369,3.69532212112,0.145824980741,4.91652183691,-1.61750000891,0.711532903975,3.64573174677,1.81582012423,-0.00227335056094,13,0.979280792513,3.64768611092,1.84556988962,13,-0.000318986411031
SI_AW5Z,CF22D,22.5781673824,1.61816738236,3.42265878373,0.535243835559,4.52177645303,-1.51636454751,0.659031679481,1.24712589753,1.00680723849,-0.00213120752748,3,0.907023500625,1.24893605681,1.03436188529,3,-0.000321048249051
SI_AW5Z,M052X,22.6520902574,1.69209025744,8.29999333717,4.14521714137,9.8506888455,-1.51174436782,1.59816063894,1.93936863207,1.71206124352,-0.00212471399546,6,2.19954412272,1.94375829253,1.77888163061,6,0.00226494647012
SI_AW5Z,M062X,23.8751042143,2.91510421435,6.72258359798,2.28490224669,8.49729672025,-1.43530599551,1.29443097866,1.96898716386,2.2518838293,-0.00201728202291,7,1.78152182078,1.97254257147,2.30600503398,7,0.00153812558381
SI_AW5Z,M08HX,28.5188424322,7.55884243219,4.01679353889,-2.5121292938,4.94349267302,-1.1450723569,0.773432106247,1.99186569508,2.19846851146,-0.00160936684423,8,1.06447249555,1.99399007748,2.23080633249,8,0.000515015559448
SI_AW5Z,MN15,21.26769241,0.307692409979,5.35933311982,2.55110593751,7.44100338531,-1.59826923328,1.03193760466,2.00762303412,1.06972295197,-0.00224632224916,9,1.42025290703,2.01045745239,1.11286909668,9,0.000588096016291
SI_AW5Z,PBE0,16.6255562238,-4.33444377616,7.12960364971,-4.6089371784,8.57002837495,-1.61750000891,1.37280253867,3.47540891991,1.57559360798,-0.00227335056094,12,1.88938438478,3.47917959032,1.63299159089,12,0.00149731984866
SI_AW5Z,PW6B95,19.2755297995,-1.68447020045,4.18535919825,-1.70736388497,5.64061861038,-1.61750000891,0.805889361442,3.27508358151,1.32897597208,-0.00227335056094,11,1.10914332723,3.27729711411,1.36267085717,11,-5.9817963928e-05
SI_AW5Z,SOGGA11X,19.1952185643,-1.76478143572,3.89802608295,2.13470466553,5.1589992858,-1.61750000891,0.75056347665,4.11258342578,2.00020430304,-0.00227335056094,14,1.03299846309,4.11464499502,2.0315859682,14,-0.000211781316845
SI_AW5Z,r2SCAN0,12.0108313458,-8.94916865421,15.4213552036,-5.36826529883,21.7568186802,-1.61750000891,2.96937622529,2.80940064674,1.62225353245,-0.00227335056094,10,4.08674438937,2.81755661874,1.74640555068,10,0.00588262143963
SI_AW5Z,wB97M-V,24.7833539598,3.82335395975,3.72717033169,-1.66157335579,4.42253073765,-1.37854038642,0.71766526511,1.07360100278,1.15816903981,-0.00193749956321,2,0.987720744395,1.07557221066,1.18817520418,2,3.37083147801e-05
SI_AW5Z,wB97X-V,22.8991443142,1.93914431418,4.74124778307,-2.80254517686,5.52411608629,-1.49630348927,0.912925502292,1.31080210917,1.23609905956,-0.00210301227694,4,1.25645687556,1.31330963744,1.27426921214,4,0.000404515995127
SI_AW5Z,revDSD-PBEP86-D4,21.0679882038,0.107988203841,2.71413867635,-0.12914865415,3.89424659609,-1.61075074617,0.522606395567,1.51969560237,1.31857106518,-0.00226386466286,5,0.719261754958,1.52113104295,1.34042166066,5,-0.000828424083365
PP_composite_inference,wB97M2,22.7156080214,1.32560802143,4.2507446033,-1.42640384251,8.00704384199,-1.52121200757,0.818479296934,0.946394464563,1.01932699858,-0.00213802049563,1,1.12513528107,0.948632829411,1.05339988571,1,0.000100344352053
PP_composite_inference,B3LYP,16.8687958387,-4.52120416126,5.85826813,1.10606481912,7.00544927386,-1.60406250891,1.12800735583,5.68890582101,2.09435610179,-0.00225446453436,16,1.55063283593,5.69199067852,2.14131448846,16,0.000830392984552
PP_composite_inference,BMK,-6.45541743184,-27.8454174318,6.66087813009,-2.0365293471,9.791863729,-1.60406250891,1.2825496137,4.52136563398,1.95516270051,-0.00225446453436,15,1.7630767516,4.52487313134,2.00855460472,15,0.00125303282257
PP_composite_inference,CAMB3LYP,17.8300455363,-3.55995446369,3.70875962112,0.132387480741,4.92565555272,-1.60406250891,0.714120289617,3.6457506328,1.81610761152,-0.00225446453436,13,0.981676550381,3.6477035982,1.84583608494,13,-0.000301499127322
PP_composite_inference,CF22D,22.5781673824,1.18816738236,3.40922128373,0.521806335559,4.51760469362,-1.52980204751,0.65644429384,1.2471070115,1.0065197512,-0.00215009355406,3,0.902391346758,1.24890224547,1.03384720153,3,-0.000354859591153
PP_composite_inference,M052X,22.6520902574,1.26209025744,8.28655583717,4.13177964137,9.84867371427,-1.52518186782,1.5955732533,1.93934974604,1.71177375623,-0.00214360002204,6,2.19337956077,1.94371329573,1.77819667928,6,0.00221994966755
PP_composite_inference,M062X,23.8751042143,2.48510421435,6.70914609798,2.27146474669,8.49302574182,-1.44874349551,1.29184359301,1.96896827783,2.25159634201,-0.00203616804949,7,1.77585286465,1.97250119223,2.30537514997,7,0.00149674634203
PP_composite_inference,M08HX,28.5188424322,7.12884243219,4.00335603889,-2.5255667938,4.92349002668,-1.1585098569,0.770844720605,1.99184680905,2.19818102416,-0.00162825287081,8,1.05965367069,1.99395490358,2.23027090751,8,0.000479841655328
PP_composite_inference,MN15,21.26769241,-0.122307590021,5.3535398442,2.53766843751,7.44083599279,-1.60406250891,1.03082211159,2.00761489184,1.0695990083,-0.00225446453436,9,1.41703563009,2.01043396862,1.11251162146,9,0.00056461224306
PP_composite_inference,PBE0,16.6255562238,-4.76444377616,7.14304114971,-4.6223746784,8.57715877485,-1.60406250891,1.37538992431,3.47542780594,1.57588109528,-0.00225446453436,12,1.89070112691,3.47918920158,1.63313789557,12,0.00150693110503
PP_composite_inference,PW6B95,19.2755297995,-2.11447020045,4.19879669825,-1.72080138497,5.64514185556,-1.60406250891,0.808476747084,3.27510246754,1.32926345938,-0.00225446453436,11,1.11138512052,3.27731347757,1.36291994531,11,-4.34545092882e-05
PP_composite_inference,SOGGA11X,19.1952185643,-2.19478143572,3.91146358295,2.12126716553,5.16415339208,-1.60406250891,0.753150862292,4.11260231181,2.00049179033,-0.00225446453436,14,1.03533053347,4.11466201744,2.03184508713,14,-0.000194758905317
PP_composite_inference,r2SCAN0,12.0108313458,-9.37916865421,15.4347927036,-5.38170279883,21.7624779407,-1.60406250891,2.97196361093,2.80941953276,1.62254101974,-0.00225446453436,10,4.08545594889,2.81754721406,1.74626239063,10,0.0058732167646
PP_composite_inference,wB97M-V,24.7833539598,3.39335395975,3.71373283169,-1.67501085579,4.41155342399,-1.39197788642,0.715077879468,1.07358211675,1.15788155252,-0.0019563855898,2,0.982992916148,1.07553770096,1.18764988993,2,-8.01380457771e-07
PP_composite_inference,wB97X-V,22.8991443142,1.50914431418,4.72781028307,-2.81598267686,5.5199204846,-1.50974098927,0.91033811665,1.31078322314,1.23581157226,-0.00212189830352,4,1.25141043467,1.31327280211,1.27370849649,4,0.000367680660111
PP_composite_inference,revDSD-PBEP86-D4,21.0679882038,-0.322011796159,2.72082691361,-0.14258615415,3.89461583384,-1.60406250891,0.523894213171,1.5197050025,1.31871415602,-0.00225446453436,5,0.720179319126,1.5211377405,1.34052361224,5,-0.000821726534689
SI_CBS_or_sccCA,wB97M2,22.7156080214,0.865608021428,4.2363696033,-1.44077884251,8.00507666153,-1.53558700757,0.815711396015,0.946374260907,1.01901945404,-0.00215822415197,1,1.1199099471,0.948594688287,1.05281929305,1,6.22032281836e-05
SI_CBS_or_sccCA,B3LYP,16.8687958387,-4.98120416126,5.87264313,1.09168981912,7.01519184686,-1.58968750891,1.13077525675,5.68892602466,2.09466364633,-0.00223426087802,16,1.55246875814,5.69200407942,2.14151847982,16,0.000843793876589
SI_CBS_or_sccCA,BMK,-6.45541743184,-28.3054174318,6.67525313009,-2.0509043471,9.83299362038,-1.58968750891,1.28531751462,4.52138583764,1.95547024505,-0.00223426087802,15,1.7646435698,4.52488456796,2.00872869563,15,0.00126446945183
SI_CBS_or_sccCA,CAMB3LYP,17.8300455363,-4.01995446369,3.72313462112,0.118012480741,4.93670373983,-1.58968750891,0.716888190536,3.64577083645,1.81641515607,-0.00223426087802,13,0.98423317298,3.64772225968,1.84612015412,13,-0.000282837648496
SI_CBS_or_sccCA,CF22D,22.5781673824,0.728167382365,3.39484628373,0.507431335559,4.51455477933,-1.54417704751,0.653676392921,1.24708680785,1.00621220665,-0.0021702972104,3,0.897448163885,1.24886616384,1.03329795898,3,-0.000390941217961
SI_CBS_or_sccCA,M052X,22.6520902574,0.802090257437,8.27218083717,4.11740464137,9.84716717312,-1.53955686782,1.59280535238,1.93932954238,1.71146621168,-0.00216380367838,6,2.18680107527,1.94366527759,1.77746573644,6,0.0021719315252
SI_CBS_or_sccCA,M062X,23.8751042143,2.02510421435,6.69477109798,2.25708974669,8.48920797278,-1.46311849551,1.28907569209,1.96894807418,2.25128879746,-0.00205637170583,7,1.76980326276,1.97245703455,2.30470297198,7,0.00145258866397
SI_CBS_or_sccCA,M08HX,28.5188424322,6.66884243219,3.98898103889,-2.5399417938,4.90330626444,-1.1728848569,0.768076819686,1.99182660539,2.19787347962,-0.00164845652715,8,1.05451128267,1.9939173679,2.22969953106,8,0.000442305976381
SI_CBS_or_sccCA,MN15,21.26769241,-0.582307590021,5.3679148442,2.52329343751,7.44151658702,-1.58968750891,1.03359001251,2.00763509549,1.06990655284,-0.00223426087802,9,1.4190407807,2.01044860475,1.11273441597,9,0.000579248378846
SI_CBS_or_sccCA,PBE0,16.6255562238,-5.22444377616,7.15741614971,-4.6367496784,8.58552519696,-1.58968750891,1.37815782523,3.47544800959,1.57618863982,-0.00223426087802,12,1.89210628254,3.47919945819,1.63329402397,12,0.00151718771551
SI_CBS_or_sccCA,PW6B95,19.2755297995,-2.57447020045,4.21317169825,-1.73517638497,5.65110874853,-1.58968750891,0.811244648002,3.2751226712,1.32957100392,-0.00223426087802,11,1.11377744048,3.27733093975,1.36318575864,11,-2.59923197716e-05
SI_CBS_or_sccCA,SOGGA11X,19.1952185643,-2.65478143572,3.92583858295,2.10689216553,5.17089863788,-1.58968750891,0.755918763211,4.11262251546,2.00079933488,-0.00223426087802,14,1.03781919224,4.11468018283,2.03212160477,14,-0.000176593512819
SI_CBS_or_sccCA,r2SCAN0,12.0108313458,-9.83916865421,15.4491677036,-5.39607779883,21.7688242612,-1.58968750891,2.97473151185,2.80943973642,1.62284856429,-0.00223426087802,10,4.08408099523,2.81753717791,1.746109618,10,0.00586318060652
SI_CBS_or_sccCA,wB97M-V,24.7833539598,2.93335395975,3.69935783169,-1.68938585579,4.40123359826,-1.40635288642,0.712309978549,1.07356191309,1.15757400797,-0.00197658924614,2,0.977947634776,1.07550087409,1.18708930311,2,-3.76282517807e-05
SI_CBS_or_sccCA,wB97X-V,22.8991443142,1.04914431418,4.71343528307,-2.83035767686,5.51658832589,-1.52411598927,0.907570215732,1.31076301949,1.23550402772,-0.00214210195986,4,1.24602514719,1.31323349344,1.27311013121,4,0.000328371992405
SI_CBS_or_sccCA,revDSD-PBEP86-D4,21.0679882038,-0.782011796159,2.73520191361,-0.15696115415,3.89665277287,-1.58968750891,0.52666211409,1.51972520616,1.31902170057,-0.00223426087802,5,0.72306718186,1.52115881979,1.34084448588,5,-0.000800647244662
