Reaction,Dataset,Reference,Reference_in_kcal_mol,Stoichiometry,Reference_Method,Source
atmospheric218_001_2sa-2sa-6,atmospheric218,-0.02629460163073301,-16.50011164,"1,2sa-2sa-6,-1,1sa-1sa-1,-1,1sa-1sa-1",CCSD(F12*)(T+)/cc-pVTZ-F12 electronic binding energy,ao5c04476_si_001.zip benchmark_data.csv F12_VTZ_FULL; reconstructed as E_cluster - sum(E_monomers)
atmospheric218_002_2sa-2sa-5,atmospheric218,-0.02634694579661041,-16.5329581,"1,2sa-2sa-5,-1,1sa-1sa-1,-1,1sa-1sa-1",CCSD(F12*)(T+)/cc-pVTZ-F12 electronic binding energy,ao5c04476_si_001.zip benchmark_data.csv F12_VTZ_FULL; reconstructed as E_cluster - sum(E_monomers)
atmospheric218_003_2sa-2sa-3,atmospheric218,-0.02936307831449122,-18.42560983,"1,2sa-2sa-3,-1,1sa-1sa-1,-1,1sa-1sa-1",CCSD(F12*)(T+)/cc-pVTZ-F12 electronic binding energy,ao5c04476_si_001.zip benchmark_data.csv F12_VTZ_FULL; reconstructed as E_cluster - sum(E_monomers)
atmospheric218_004_2sa-2sa-2,atmospheric218,-0.03057057012348948,-19.18332238,"1,2sa-2sa-2,-1,1sa-1sa-1,-1,1sa-1sa-1",CCSD(F12*)(T+)/cc-pVTZ-F12 electronic binding energy,ao5c04476_si_001.zip benchmark_data.csv F12_VTZ_FULL; reconstructed as E_cluster - sum(E_monomers)
atmospheric218_005_2sa-2sa-1,atmospheric218,-0.02917976728134428,-18.31058042,"1,2sa-2sa-1,-1,1sa-1sa-1,-1,1sa-1sa-1",CCSD(F12*)(T+)/cc-pVTZ-F12 electronic binding energy,ao5c04476_si_001.zip benchmark_data.csv F12_VTZ_FULL; reconstructed as E_cluster - sum(E_monomers)
atmospheric218_006_2sa-2sa-18,atmospheric218,-0.01457674298329432,-9.147044323,"1,2sa-2sa-18,-1,1sa-1sa-1,-1,1sa-1sa-1",CCSD(F12*)(T+)/cc-pVTZ-F12 electronic binding energy,ao5c04476_si_001.zip benchmark_data.csv F12_VTZ_FULL; reconstructed as E_cluster - sum(E_monomers)
atmospheric218_007_2sa-2sa-16,atmospheric218,-0.01507348000621400,-9.458751511,"1,2sa-2sa-16,-1,1sa-1sa-1,-1,1sa-1sa-1",CCSD(F12*)(T+)/cc-pVTZ-F12 electronic binding energy,ao5c04476_si_001.zip benchmark_data.csv F12_VTZ_FULL; reconstructed as E_cluster - sum(E_monomers)
atmospheric218_008_2sa-2sa-13,atmospheric218,-0.01498178120742548,-9.401209646,"1,2sa-2sa-13,-1,1sa-1sa-1,-1,1sa-1sa-1",CCSD(F12*)(T+)/cc-pVTZ-F12 electronic binding energy,ao5c04476_si_001.zip benchmark_data.csv F12_VTZ_FULL; reconstructed as E_cluster - sum(E_monomers)
atmospheric218_009_2sa-2sa-12,atmospheric218,-0.01701062664581639,-10.67432938,"1,2sa-2sa-12,-1,1sa-1sa-1,-1,1sa-1sa-1",CCSD(F12*)(T+)/cc-pVTZ-F12 electronic binding energy,ao5c04476_si_001.zip benchmark_data.csv F12_VTZ_FULL; reconstructed as E_cluster - sum(E_monomers)
atmospheric218_010_2sa-2sa-11,atmospheric218,-0.01736205925219936,-10.89485667,"1,2sa-2sa-11,-1,1sa-1sa-1,-1,1sa-1sa-1",CCSD(F12*)(T+)/cc-pVTZ-F12 electronic binding energy,ao5c04476_si_001.zip benchmark_data.csv F12_VTZ_FULL; reconstructed as E_cluster - sum(E_monomers)
atmospheric218_011_2sa-2sa-10,atmospheric218,-0.02326600961969208,-14.59964146,"1,2sa-2sa-10,-1,1sa-1sa-1,-1,1sa-1sa-1",CCSD(F12*)(T+)/cc-pVTZ-F12 electronic binding energy,ao5c04476_si_001.zip benchmark_data.csv F12_VTZ_FULL; reconstructed as E_cluster - sum(E_monomers)
atmospheric218_012_2na-2nta-2,atmospheric218,-0.009586647374498576,-6.015712052,"1,2na-2nta-2,-1,1na-1nta-1,-1,1na-1nta-1",CCSD(F12*)(T+)/cc-pVTZ-F12 electronic binding energy,ao5c04476_si_001.zip benchmark_data.csv F12_VTZ_FULL; reconstructed as E_cluster - sum(E_monomers)
atmospheric218_013_2na-2nta-1,atmospheric218,-0.01623932139863644,-10.19032803,"1,2na-2nta-1,-1,1na-1nta-1,-1,1na-1nta-1",CCSD(F12*)(T+)/cc-pVTZ-F12 electronic binding energy,ao5c04476_si_001.zip benchmark_data.csv F12_VTZ_FULL; reconstructed as E_cluster - sum(E_monomers)
atmospheric218_014_2msa-conf4,atmospheric218,-0.03119281677655074,-19.57378805,"1,2msa-conf4,-1,1msa-1msa-1,-1,1msa-1msa-1",CCSD(F12*)(T+)/cc-pVTZ-F12 electronic binding energy,ao5c04476_si_001.zip benchmark_data.csv F12_VTZ_FULL; reconstructed as E_cluster - sum(E_monomers)
atmospheric218_015_2msa-conf3,atmospheric218,-0.03194897506517012,-20.04828454,"1,2msa-conf3,-1,1msa-1msa-1,-1,1msa-1msa-1",CCSD(F12*)(T+)/cc-pVTZ-F12 electronic binding energy,ao5c04476_si_001.zip benchmark_data.csv F12_VTZ_FULL; reconstructed as E_cluster - sum(E_monomers)
atmospheric218_016_2fa-2fa-7,atmospheric218,-0.009383857256962910,-5.888459332,"1,2fa-2fa-7,-1,1fa-1fa-1,-1,1fa-1fa-1",CCSD(F12*)(T+)/cc-pVTZ-F12 electronic binding energy,ao5c04476_si_001.zip benchmark_data.csv F12_VTZ_FULL; reconstructed as E_cluster - sum(E_monomers)
atmospheric218_017_2fa-2fa-5,atmospheric218,-0.01074862004764212,-6.744860913,"1,2fa-2fa-5,-1,1fa-1fa-1,-1,1fa-1fa-1",CCSD(F12*)(T+)/cc-pVTZ-F12 electronic binding energy,ao5c04476_si_001.zip benchmark_data.csv F12_VTZ_FULL; reconstructed as E_cluster - sum(E_monomers)
atmospheric218_018_2fa-2fa-2,atmospheric218,-0.01608171306906076,-10.09142731,"1,2fa-2fa-2,-1,1fa-1fa-1,-1,1fa-1fa-1",CCSD(F12*)(T+)/cc-pVTZ-F12 electronic binding energy,ao5c04476_si_001.zip benchmark_data.csv F12_VTZ_FULL; reconstructed as E_cluster - sum(E_monomers)
atmospheric218_019_2fa-2fa-1,atmospheric218,-0.02604303261620028,-16.3422497,"1,2fa-2fa-1,-1,1fa-1fa-1,-1,1fa-1fa-1",CCSD(F12*)(T+)/cc-pVTZ-F12 electronic binding energy,ao5c04476_si_001.zip benchmark_data.csv F12_VTZ_FULL; reconstructed as E_cluster - sum(E_monomers)
atmospheric218_020_2fa-2fa-12,atmospheric218,-0.001590539152082407,-0.9980783868,"1,2fa-2fa-12,-1,1fa-1fa-1,-1,1fa-1fa-1",CCSD(F12*)(T+)/cc-pVTZ-F12 electronic binding energy,ao5c04476_si_001.zip benchmark_data.csv F12_VTZ_FULL; reconstructed as E_cluster - sum(E_monomers)
atmospheric218_021_1sa1w-1sa1w-4,atmospheric218,-0.01757573108591978,-11.02893777,"1,1sa1w-1sa1w-4,-1,1sa-1sa-1,-1,1w-1w-1",CCSD(F12*)(T+)/cc-pVTZ-F12 electronic binding energy,ao5c04476_si_001.zip benchmark_data.csv F12_VTZ_FULL; reconstructed as E_cluster - sum(E_monomers)
atmospheric218_022_1sa1w-1sa1w-3,atmospheric218,-0.01850243397095308,-11.61045261,"1,1sa1w-1sa1w-3,-1,1sa-1sa-1,-1,1w-1w-1",CCSD(F12*)(T+)/cc-pVTZ-F12 electronic binding energy,ao5c04476_si_001.zip benchmark_data.csv F12_VTZ_FULL; reconstructed as E_cluster - sum(E_monomers)
atmospheric218_023_1sa1w-1sa1w-2,atmospheric218,-0.02024977627464831,-12.70692646,"1,1sa1w-1sa1w-2,-1,1sa-1sa-1,-1,1w-1w-1",CCSD(F12*)(T+)/cc-pVTZ-F12 electronic binding energy,ao5c04476_si_001.zip benchmark_data.csv F12_VTZ_FULL; reconstructed as E_cluster - sum(E_monomers)
atmospheric218_024_1sa1w-1sa1w-1,atmospheric218,-0.02037210693764684,-12.78369011,"1,1sa1w-1sa1w-1,-1,1sa-1sa-1,-1,1w-1w-1",CCSD(F12*)(T+)/cc-pVTZ-F12 electronic binding energy,ao5c04476_si_001.zip benchmark_data.csv F12_VTZ_FULL; reconstructed as E_cluster - sum(E_monomers)
atmospheric218_025_1sa1tma-conf7,atmospheric218,-0.03799811560709969,-23.84417754,"1,1sa1tma-conf7,-1,1sa-1sa-1,-1,1tma-1tma-1",CCSD(F12*)(T+)/cc-pVTZ-F12 electronic binding energy,ao5c04476_si_001.zip benchmark_data.csv F12_VTZ_FULL; reconstructed as E_cluster - sum(E_monomers)
atmospheric218_026_1sa1tma-conf4,atmospheric218,-0.03800522375476019,-23.84863797,"1,1sa1tma-conf4,-1,1sa-1sa-1,-1,1tma-1tma-1",CCSD(F12*)(T+)/cc-pVTZ-F12 electronic binding energy,ao5c04476_si_001.zip benchmark_data.csv F12_VTZ_FULL; reconstructed as E_cluster - sum(E_monomers)
atmospheric218_027_1sa1tma-conf1,atmospheric218,-0.04050980872910905,-25.42028877,"1,1sa1tma-conf1,-1,1sa-1sa-1,-1,1tma-1tma-1",CCSD(F12*)(T+)/cc-pVTZ-F12 electronic binding energy,ao5c04476_si_001.zip benchmark_data.csv F12_VTZ_FULL; reconstructed as E_cluster - sum(E_monomers)
atmospheric218_028_1sa1na-conf9,atmospheric218,-0.01020917227037086,-6.406352322,"1,1sa1na-conf9,-1,1sa-1sa-1,-1,1na-1nta-1",CCSD(F12*)(T+)/cc-pVTZ-F12 electronic binding energy,ao5c04476_si_001.zip benchmark_data.csv F12_VTZ_FULL; reconstructed as E_cluster - sum(E_monomers)
atmospheric218_029_1sa1na-conf8,atmospheric218,-0.01258773276338727,-7.898921566,"1,1sa1na-conf8,-1,1sa-1sa-1,-1,1na-1nta-1",CCSD(F12*)(T+)/cc-pVTZ-F12 electronic binding energy,ao5c04476_si_001.zip benchmark_data.csv F12_VTZ_FULL; reconstructed as E_cluster - sum(E_monomers)
atmospheric218_030_1sa1na-conf7,atmospheric218,-0.01300100860338506,-8.158256071,"1,1sa1na-conf7,-1,1sa-1sa-1,-1,1na-1nta-1",CCSD(F12*)(T+)/cc-pVTZ-F12 electronic binding energy,ao5c04476_si_001.zip benchmark_data.csv F12_VTZ_FULL; reconstructed as E_cluster - sum(E_monomers)
atmospheric218_031_1sa1na-conf4,atmospheric218,-0.01913235732085975,-12.00573548,"1,1sa1na-conf4,-1,1sa-1sa-1,-1,1na-1nta-1",CCSD(F12*)(T+)/cc-pVTZ-F12 electronic binding energy,ao5c04476_si_001.zip benchmark_data.csv F12_VTZ_FULL; reconstructed as E_cluster - sum(E_monomers)
atmospheric218_032_1sa1na-conf22,atmospheric218,-0.01046442209148175,-6.566524003,"1,1sa1na-conf22,-1,1sa-1sa-1,-1,1na-1nta-1",CCSD(F12*)(T+)/cc-pVTZ-F12 electronic binding energy,ao5c04476_si_001.zip benchmark_data.csv F12_VTZ_FULL; reconstructed as E_cluster - sum(E_monomers)
atmospheric218_033_1sa1na-conf21,atmospheric218,-0.007229333878620977,-4.5364755,"1,1sa1na-conf21,-1,1sa-1sa-1,-1,1na-1nta-1",CCSD(F12*)(T+)/cc-pVTZ-F12 electronic binding energy,ao5c04476_si_001.zip benchmark_data.csv F12_VTZ_FULL; reconstructed as E_cluster - sum(E_monomers)
atmospheric218_034_1sa1na-conf1,atmospheric218,-0.02178364352252864,-13.66944269,"1,1sa1na-conf1,-1,1sa-1sa-1,-1,1na-1nta-1",CCSD(F12*)(T+)/cc-pVTZ-F12 electronic binding energy,ao5c04476_si_001.zip benchmark_data.csv F12_VTZ_FULL; reconstructed as E_cluster - sum(E_monomers)
atmospheric218_035_1sa1na-conf19,atmospheric218,-0.01933751266164916,-12.1344724,"1,1sa1na-conf19,-1,1sa-1sa-1,-1,1na-1nta-1",CCSD(F12*)(T+)/cc-pVTZ-F12 electronic binding energy,ao5c04476_si_001.zip benchmark_data.csv F12_VTZ_FULL; reconstructed as E_cluster - sum(E_monomers)
atmospheric218_036_1sa1na-conf18,atmospheric218,-0.01114114778814797,-6.991175789,"1,1sa1na-conf18,-1,1sa-1sa-1,-1,1na-1nta-1",CCSD(F12*)(T+)/cc-pVTZ-F12 electronic binding energy,ao5c04476_si_001.zip benchmark_data.csv F12_VTZ_FULL; reconstructed as E_cluster - sum(E_monomers)
atmospheric218_037_1sa1na-conf16,atmospheric218,-0.008842166313559211,-5.548543133,"1,1sa1na-conf16,-1,1sa-1sa-1,-1,1na-1nta-1",CCSD(F12*)(T+)/cc-pVTZ-F12 electronic binding energy,ao5c04476_si_001.zip benchmark_data.csv F12_VTZ_FULL; reconstructed as E_cluster - sum(E_monomers)
atmospheric218_038_1sa1na-conf15,atmospheric218,-0.01153877961254797,-7.240693526,"1,1sa1na-conf15,-1,1sa-1sa-1,-1,1na-1nta-1",CCSD(F12*)(T+)/cc-pVTZ-F12 electronic binding energy,ao5c04476_si_001.zip benchmark_data.csv F12_VTZ_FULL; reconstructed as E_cluster - sum(E_monomers)
atmospheric218_039_1sa1na-conf12,atmospheric218,-0.01308562597602199,-8.211354274,"1,1sa1na-conf12,-1,1sa-1sa-1,-1,1na-1nta-1",CCSD(F12*)(T+)/cc-pVTZ-F12 electronic binding energy,ao5c04476_si_001.zip benchmark_data.csv F12_VTZ_FULL; reconstructed as E_cluster - sum(E_monomers)
atmospheric218_040_1sa1na-conf11,atmospheric218,-0.01235739812148278,-7.754384396,"1,1sa1na-conf11,-1,1sa-1sa-1,-1,1na-1nta-1",CCSD(F12*)(T+)/cc-pVTZ-F12 electronic binding energy,ao5c04476_si_001.zip benchmark_data.csv F12_VTZ_FULL; reconstructed as E_cluster - sum(E_monomers)
atmospheric218_041_1sa1msa-conf6,atmospheric218,-0.03068499406921110,-19.25512449,"1,1sa1msa-conf6,-1,1sa-1sa-1,-1,1msa-1msa-1",CCSD(F12*)(T+)/cc-pVTZ-F12 electronic binding energy,ao5c04476_si_001.zip benchmark_data.csv F12_VTZ_FULL; reconstructed as E_cluster - sum(E_monomers)
atmospheric218_042_1sa1msa-conf5,atmospheric218,-0.02634212736736754,-16.52993449,"1,1sa1msa-conf5,-1,1sa-1sa-1,-1,1msa-1msa-1",CCSD(F12*)(T+)/cc-pVTZ-F12 electronic binding energy,ao5c04476_si_001.zip benchmark_data.csv F12_VTZ_FULL; reconstructed as E_cluster - sum(E_monomers)
atmospheric218_043_1sa1msa-conf4,atmospheric218,-0.03063531642881126,-19.2239513,"1,1sa1msa-conf4,-1,1sa-1sa-1,-1,1msa-1msa-1",CCSD(F12*)(T+)/cc-pVTZ-F12 electronic binding energy,ao5c04476_si_001.zip benchmark_data.csv F12_VTZ_FULL; reconstructed as E_cluster - sum(E_monomers)
atmospheric218_044_1sa1msa-conf20,atmospheric218,-0.01441139791475187,-9.043288726,"1,1sa1msa-conf20,-1,1sa-1sa-1,-1,1msa-1msa-1",CCSD(F12*)(T+)/cc-pVTZ-F12 electronic binding energy,ao5c04476_si_001.zip benchmark_data.csv F12_VTZ_FULL; reconstructed as E_cluster - sum(E_monomers)
atmospheric218_045_1sa1msa-conf1,atmospheric218,-0.03531927061832911,-22.16317693,"1,1sa1msa-conf1,-1,1sa-1sa-1,-1,1msa-1msa-1",CCSD(F12*)(T+)/cc-pVTZ-F12 electronic binding energy,ao5c04476_si_001.zip benchmark_data.csv F12_VTZ_FULL; reconstructed as E_cluster - sum(E_monomers)
atmospheric218_046_1sa1msa-conf19,atmospheric218,-0.02877662699349810,-18.05760607,"1,1sa1msa-conf19,-1,1sa-1sa-1,-1,1msa-1msa-1",CCSD(F12*)(T+)/cc-pVTZ-F12 electronic binding energy,ao5c04476_si_001.zip benchmark_data.csv F12_VTZ_FULL; reconstructed as E_cluster - sum(E_monomers)
atmospheric218_047_1sa1msa-conf18,atmospheric218,-0.02602712225880703,-16.3322658,"1,1sa1msa-conf18,-1,1sa-1sa-1,-1,1msa-1msa-1",CCSD(F12*)(T+)/cc-pVTZ-F12 electronic binding energy,ao5c04476_si_001.zip benchmark_data.csv F12_VTZ_FULL; reconstructed as E_cluster - sum(E_monomers)
atmospheric218_048_1sa1msa-conf16,atmospheric218,-0.01976893497667348,-12.40519399,"1,1sa1msa-conf16,-1,1sa-1sa-1,-1,1msa-1msa-1",CCSD(F12*)(T+)/cc-pVTZ-F12 electronic binding energy,ao5c04476_si_001.zip benchmark_data.csv F12_VTZ_FULL; reconstructed as E_cluster - sum(E_monomers)
atmospheric218_049_1sa1msa-conf15,atmospheric218,-0.02050067680524997,-12.86436892,"1,1sa1msa-conf15,-1,1sa-1sa-1,-1,1msa-1msa-1",CCSD(F12*)(T+)/cc-pVTZ-F12 electronic binding energy,ao5c04476_si_001.zip benchmark_data.csv F12_VTZ_FULL; reconstructed as E_cluster - sum(E_monomers)
atmospheric218_050_1sa1msa-conf14,atmospheric218,-0.02959207363000346,-18.56930656,"1,1sa1msa-conf14,-1,1sa-1sa-1,-1,1msa-1msa-1",CCSD(F12*)(T+)/cc-pVTZ-F12 electronic binding energy,ao5c04476_si_001.zip benchmark_data.csv F12_VTZ_FULL; reconstructed as E_cluster - sum(E_monomers)
atmospheric218_051_1sa1msa-conf11,atmospheric218,-0.02705240757575079,-16.97564205,"1,1sa1msa-conf11,-1,1sa-1sa-1,-1,1msa-1msa-1",CCSD(F12*)(T+)/cc-pVTZ-F12 electronic binding energy,ao5c04476_si_001.zip benchmark_data.csv F12_VTZ_FULL; reconstructed as E_cluster - sum(E_monomers)
atmospheric218_052_1sa1msa-conf10,atmospheric218,-0.02878665661099415,-18.06389975,"1,1sa1msa-conf10,-1,1sa-1sa-1,-1,1msa-1msa-1",CCSD(F12*)(T+)/cc-pVTZ-F12 electronic binding energy,ao5c04476_si_001.zip benchmark_data.csv F12_VTZ_FULL; reconstructed as E_cluster - sum(E_monomers)
atmospheric218_053_1sa1fa-conf9,atmospheric218,-0.01078126501771303,-6.765345941,"1,1sa1fa-conf9,-1,1sa-1sa-1,-1,1fa-1fa-1",CCSD(F12*)(T+)/cc-pVTZ-F12 electronic binding energy,ao5c04476_si_001.zip benchmark_data.csv F12_VTZ_FULL; reconstructed as E_cluster - sum(E_monomers)
atmospheric218_054_1sa1fa-conf8,atmospheric218,-0.01320363707395890,-8.285407356,"1,1sa1fa-conf8,-1,1sa-1sa-1,-1,1fa-1fa-1",CCSD(F12*)(T+)/cc-pVTZ-F12 electronic binding energy,ao5c04476_si_001.zip benchmark_data.csv F12_VTZ_FULL; reconstructed as E_cluster - sum(E_monomers)
atmospheric218_055_1sa1fa-conf7,atmospheric218,-0.01813055716327872,-11.37709639,"1,1sa1fa-conf7,-1,1sa-1sa-1,-1,1fa-1fa-1",CCSD(F12*)(T+)/cc-pVTZ-F12 electronic binding energy,ao5c04476_si_001.zip benchmark_data.csv F12_VTZ_FULL; reconstructed as E_cluster - sum(E_monomers)
atmospheric218_056_1sa1fa-conf5,atmospheric218,-0.02066472483042711,-12.96731061,"1,1sa1fa-conf5,-1,1sa-1sa-1,-1,1fa-1fa-1",CCSD(F12*)(T+)/cc-pVTZ-F12 electronic binding energy,ao5c04476_si_001.zip benchmark_data.csv F12_VTZ_FULL; reconstructed as E_cluster - sum(E_monomers)
atmospheric218_057_1sa1fa-conf4,atmospheric218,-0.02460444290988897,-15.43952103,"1,1sa1fa-conf4,-1,1sa-1sa-1,-1,1fa-1fa-1",CCSD(F12*)(T+)/cc-pVTZ-F12 electronic binding energy,ao5c04476_si_001.zip benchmark_data.csv F12_VTZ_FULL; reconstructed as E_cluster - sum(E_monomers)
atmospheric218_058_1sa1fa-conf2,atmospheric218,-0.02584693382393308,-16.21919585,"1,1sa1fa-conf2,-1,1sa-1sa-1,-1,1fa-1fa-1",CCSD(F12*)(T+)/cc-pVTZ-F12 electronic binding energy,ao5c04476_si_001.zip benchmark_data.csv F12_VTZ_FULL; reconstructed as E_cluster - sum(E_monomers)
atmospheric218_059_1sa1fa-conf1,atmospheric218,-0.02864846923122675,-17.97718586,"1,1sa1fa-conf1,-1,1sa-1sa-1,-1,1fa-1fa-1",CCSD(F12*)(T+)/cc-pVTZ-F12 electronic binding energy,ao5c04476_si_001.zip benchmark_data.csv F12_VTZ_FULL; reconstructed as E_cluster - sum(E_monomers)
atmospheric218_060_1sa1fa-conf15,atmospheric218,-0.01056923329309460,-6.632294025,"1,1sa1fa-conf15,-1,1sa-1sa-1,-1,1fa-1fa-1",CCSD(F12*)(T+)/cc-pVTZ-F12 electronic binding energy,ao5c04476_si_001.zip benchmark_data.csv F12_VTZ_FULL; reconstructed as E_cluster - sum(E_monomers)
atmospheric218_061_1sa1fa-conf14,atmospheric218,-0.01287917647309867,-8.081805255,"1,1sa1fa-conf14,-1,1sa-1sa-1,-1,1fa-1fa-1",CCSD(F12*)(T+)/cc-pVTZ-F12 electronic binding energy,ao5c04476_si_001.zip benchmark_data.csv F12_VTZ_FULL; reconstructed as E_cluster - sum(E_monomers)
atmospheric218_062_1sa1fa-conf13,atmospheric218,-0.01000249245379336,-6.276658779,"1,1sa1fa-conf13,-1,1sa-1sa-1,-1,1fa-1fa-1",CCSD(F12*)(T+)/cc-pVTZ-F12 electronic binding energy,ao5c04476_si_001.zip benchmark_data.csv F12_VTZ_FULL; reconstructed as E_cluster - sum(E_monomers)
atmospheric218_063_1sa1fa-conf12,atmospheric218,-0.01181478762383512,-7.413891168,"1,1sa1fa-conf12,-1,1sa-1sa-1,-1,1fa-1fa-1",CCSD(F12*)(T+)/cc-pVTZ-F12 electronic binding energy,ao5c04476_si_001.zip benchmark_data.csv F12_VTZ_FULL; reconstructed as E_cluster - sum(E_monomers)
atmospheric218_064_1sa1fa-conf11,atmospheric218,-0.01551066126695846,-9.733086894,"1,1sa1fa-conf11,-1,1sa-1sa-1,-1,1fa-1fa-1",CCSD(F12*)(T+)/cc-pVTZ-F12 electronic binding energy,ao5c04476_si_001.zip benchmark_data.csv F12_VTZ_FULL; reconstructed as E_cluster - sum(E_monomers)
atmospheric218_065_1sa1fa-conf10,atmospheric218,-0.01210160885831723,-7.59387421,"1,1sa1fa-conf10,-1,1sa-1sa-1,-1,1fa-1fa-1",CCSD(F12*)(T+)/cc-pVTZ-F12 electronic binding energy,ao5c04476_si_001.zip benchmark_data.csv F12_VTZ_FULL; reconstructed as E_cluster - sum(E_monomers)
atmospheric218_066_1sa1eda-conf96,atmospheric218,-0.02794547327939887,-17.53604924,"1,1sa1eda-conf96,-1,1sa-1sa-1,-1,1eda-1eda-6",CCSD(F12*)(T+)/cc-pVTZ-F12 electronic binding energy,ao5c04476_si_001.zip benchmark_data.csv F12_VTZ_FULL; reconstructed as E_cluster - sum(E_monomers)
atmospheric218_067_1sa1eda-conf91,atmospheric218,-0.03636883873996319,-22.82179087,"1,1sa1eda-conf91,-1,1sa-1sa-1,-1,1eda-1eda-6",CCSD(F12*)(T+)/cc-pVTZ-F12 electronic binding energy,ao5c04476_si_001.zip benchmark_data.csv F12_VTZ_FULL; reconstructed as E_cluster - sum(E_monomers)
atmospheric218_068_1sa1eda-conf90,atmospheric218,-0.03009513785938632,-18.88498413,"1,1sa1eda-conf90,-1,1sa-1sa-1,-1,1eda-1eda-6",CCSD(F12*)(T+)/cc-pVTZ-F12 electronic binding energy,ao5c04476_si_001.zip benchmark_data.csv F12_VTZ_FULL; reconstructed as E_cluster - sum(E_monomers)
atmospheric218_069_1sa1eda-conf8,atmospheric218,-0.02938440699645253,-18.43899378,"1,1sa1eda-conf8,-1,1sa-1sa-1,-1,1eda-1eda-6",CCSD(F12*)(T+)/cc-pVTZ-F12 electronic binding energy,ao5c04476_si_001.zip benchmark_data.csv F12_VTZ_FULL; reconstructed as E_cluster - sum(E_monomers)
atmospheric218_070_1sa1eda-conf89,atmospheric218,-0.02749357673963207,-17.25247988,"1,1sa1eda-conf89,-1,1sa-1sa-1,-1,1eda-1eda-6",CCSD(F12*)(T+)/cc-pVTZ-F12 electronic binding energy,ao5c04476_si_001.zip benchmark_data.csv F12_VTZ_FULL; reconstructed as E_cluster - sum(E_monomers)
atmospheric218_071_1sa1eda-conf86,atmospheric218,-0.03087563335824910,-19.37475245,"1,1sa1eda-conf86,-1,1sa-1sa-1,-1,1eda-1eda-6",CCSD(F12*)(T+)/cc-pVTZ-F12 electronic binding energy,ao5c04476_si_001.zip benchmark_data.csv F12_VTZ_FULL; reconstructed as E_cluster - sum(E_monomers)
atmospheric218_072_1sa1eda-conf83,atmospheric218,-0.03298129361457080,-20.69607421,"1,1sa1eda-conf83,-1,1sa-1sa-1,-1,1eda-1eda-6",CCSD(F12*)(T+)/cc-pVTZ-F12 electronic binding energy,ao5c04476_si_001.zip benchmark_data.csv F12_VTZ_FULL; reconstructed as E_cluster - sum(E_monomers)
atmospheric218_073_1sa1eda-conf79,atmospheric218,-0.03232347825550183,-20.28328884,"1,1sa1eda-conf79,-1,1sa-1sa-1,-1,1eda-1eda-6",CCSD(F12*)(T+)/cc-pVTZ-F12 electronic binding energy,ao5c04476_si_001.zip benchmark_data.csv F12_VTZ_FULL; reconstructed as E_cluster - sum(E_monomers)
atmospheric218_074_1sa1eda-conf73,atmospheric218,-0.03278929452136207,-20.57559296,"1,1sa1eda-conf73,-1,1sa-1sa-1,-1,1eda-1eda-6",CCSD(F12*)(T+)/cc-pVTZ-F12 electronic binding energy,ao5c04476_si_001.zip benchmark_data.csv F12_VTZ_FULL; reconstructed as E_cluster - sum(E_monomers)
atmospheric218_075_1sa1eda-conf71,atmospheric218,-0.03366714486907588,-21.12645237,"1,1sa1eda-conf71,-1,1sa-1sa-1,-1,1eda-1eda-6",CCSD(F12*)(T+)/cc-pVTZ-F12 electronic binding energy,ao5c04476_si_001.zip benchmark_data.csv F12_VTZ_FULL; reconstructed as E_cluster - sum(E_monomers)
atmospheric218_076_1sa1eda-conf62,atmospheric218,-0.03840984770148082,-24.10254333,"1,1sa1eda-conf62,-1,1sa-1sa-1,-1,1eda-1eda-6",CCSD(F12*)(T+)/cc-pVTZ-F12 electronic binding energy,ao5c04476_si_001.zip benchmark_data.csv F12_VTZ_FULL; reconstructed as E_cluster - sum(E_monomers)
atmospheric218_077_1sa1eda-conf5,atmospheric218,-0.03751085521879000,-23.53841703,"1,1sa1eda-conf5,-1,1sa-1sa-1,-1,1eda-1eda-6",CCSD(F12*)(T+)/cc-pVTZ-F12 electronic binding energy,ao5c04476_si_001.zip benchmark_data.csv F12_VTZ_FULL; reconstructed as E_cluster - sum(E_monomers)
atmospheric218_078_1sa1eda-conf57,atmospheric218,-0.03080398586628553,-19.32979297,"1,1sa1eda-conf57,-1,1sa-1sa-1,-1,1eda-1eda-6",CCSD(F12*)(T+)/cc-pVTZ-F12 electronic binding energy,ao5c04476_si_001.zip benchmark_data.csv F12_VTZ_FULL; reconstructed as E_cluster - sum(E_monomers)
atmospheric218_079_1sa1eda-conf55,atmospheric218,-0.03663139001099537,-22.98654428,"1,1sa1eda-conf55,-1,1sa-1sa-1,-1,1eda-1eda-6",CCSD(F12*)(T+)/cc-pVTZ-F12 electronic binding energy,ao5c04476_si_001.zip benchmark_data.csv F12_VTZ_FULL; reconstructed as E_cluster - sum(E_monomers)
atmospheric218_080_1sa1eda-conf54,atmospheric218,-0.03855369818299709,-24.19281087,"1,1sa1eda-conf54,-1,1sa-1sa-1,-1,1eda-1eda-6",CCSD(F12*)(T+)/cc-pVTZ-F12 electronic binding energy,ao5c04476_si_001.zip benchmark_data.csv F12_VTZ_FULL; reconstructed as E_cluster - sum(E_monomers)
atmospheric218_081_1sa1eda-conf48,atmospheric218,-0.03880753266133356,-24.35209441,"1,1sa1eda-conf48,-1,1sa-1sa-1,-1,1eda-1eda-6",CCSD(F12*)(T+)/cc-pVTZ-F12 electronic binding energy,ao5c04476_si_001.zip benchmark_data.csv F12_VTZ_FULL; reconstructed as E_cluster - sum(E_monomers)
atmospheric218_082_1sa1eda-conf46,atmospheric218,-0.03672765719499318,-23.04695285,"1,1sa1eda-conf46,-1,1sa-1sa-1,-1,1eda-1eda-6",CCSD(F12*)(T+)/cc-pVTZ-F12 electronic binding energy,ao5c04476_si_001.zip benchmark_data.csv F12_VTZ_FULL; reconstructed as E_cluster - sum(E_monomers)
atmospheric218_083_1sa1eda-conf45,atmospheric218,-0.04051365786621349,-25.42270414,"1,1sa1eda-conf45,-1,1sa-1sa-1,-1,1eda-1eda-6",CCSD(F12*)(T+)/cc-pVTZ-F12 electronic binding energy,ao5c04476_si_001.zip benchmark_data.csv F12_VTZ_FULL; reconstructed as E_cluster - sum(E_monomers)
atmospheric218_084_1sa1eda-conf43,atmospheric218,-0.03549954056591659,-22.27629803,"1,1sa1eda-conf43,-1,1sa-1sa-1,-1,1eda-1eda-6",CCSD(F12*)(T+)/cc-pVTZ-F12 electronic binding energy,ao5c04476_si_001.zip benchmark_data.csv F12_VTZ_FULL; reconstructed as E_cluster - sum(E_monomers)
atmospheric218_085_1sa1eda-conf39,atmospheric218,-0.03244113026403959,-20.35711659,"1,1sa1eda-conf39,-1,1sa-1sa-1,-1,1eda-1eda-6",CCSD(F12*)(T+)/cc-pVTZ-F12 electronic binding energy,ao5c04476_si_001.zip benchmark_data.csv F12_VTZ_FULL; reconstructed as E_cluster - sum(E_monomers)
atmospheric218_086_1sa1eda-conf37,atmospheric218,-0.03880934162206949,-24.35322955,"1,1sa1eda-conf37,-1,1sa-1sa-1,-1,1eda-1eda-6",CCSD(F12*)(T+)/cc-pVTZ-F12 electronic binding energy,ao5c04476_si_001.zip benchmark_data.csv F12_VTZ_FULL; reconstructed as E_cluster - sum(E_monomers)
atmospheric218_087_1sa1eda-conf36,atmospheric218,-0.03584446082440855,-22.49273876,"1,1sa1eda-conf36,-1,1sa-1sa-1,-1,1eda-1eda-6",CCSD(F12*)(T+)/cc-pVTZ-F12 electronic binding energy,ao5c04476_si_001.zip benchmark_data.csv F12_VTZ_FULL; reconstructed as E_cluster - sum(E_monomers)
atmospheric218_088_1sa1eda-conf31,atmospheric218,-0.03878334203055040,-24.33691456,"1,1sa1eda-conf31,-1,1sa-1sa-1,-1,1eda-1eda-6",CCSD(F12*)(T+)/cc-pVTZ-F12 electronic binding energy,ao5c04476_si_001.zip benchmark_data.csv F12_VTZ_FULL; reconstructed as E_cluster - sum(E_monomers)
atmospheric218_089_1sa1eda-conf25,atmospheric218,-0.03866797685601166,-24.26452182,"1,1sa1eda-conf25,-1,1sa-1sa-1,-1,1eda-1eda-6",CCSD(F12*)(T+)/cc-pVTZ-F12 electronic binding energy,ao5c04476_si_001.zip benchmark_data.csv F12_VTZ_FULL; reconstructed as E_cluster - sum(E_monomers)
atmospheric218_090_1sa1eda-conf20,atmospheric218,-0.03352067598884546,-21.03454176,"1,1sa1eda-conf20,-1,1sa-1sa-1,-1,1eda-1eda-6",CCSD(F12*)(T+)/cc-pVTZ-F12 electronic binding energy,ao5c04476_si_001.zip benchmark_data.csv F12_VTZ_FULL; reconstructed as E_cluster - sum(E_monomers)
atmospheric218_091_1sa1eda-conf1,atmospheric218,-0.04042250953720157,-25.3655077,"1,1sa1eda-conf1,-1,1sa-1sa-1,-1,1eda-1eda-6",CCSD(F12*)(T+)/cc-pVTZ-F12 electronic binding energy,ao5c04476_si_001.zip benchmark_data.csv F12_VTZ_FULL; reconstructed as E_cluster - sum(E_monomers)
atmospheric218_092_1sa1eda-conf19,atmospheric218,-0.04055455375872302,-25.4483667,"1,1sa1eda-conf19,-1,1sa-1sa-1,-1,1eda-1eda-6",CCSD(F12*)(T+)/cc-pVTZ-F12 electronic binding energy,ao5c04476_si_001.zip benchmark_data.csv F12_VTZ_FULL; reconstructed as E_cluster - sum(E_monomers)
atmospheric218_093_1sa1eda-conf14,atmospheric218,-0.03359131810953405,-21.07887036,"1,1sa1eda-conf14,-1,1sa-1sa-1,-1,1eda-1eda-6",CCSD(F12*)(T+)/cc-pVTZ-F12 electronic binding energy,ao5c04476_si_001.zip benchmark_data.csv F12_VTZ_FULL; reconstructed as E_cluster - sum(E_monomers)
atmospheric218_094_1sa1eda-conf13,atmospheric218,-0.03510186126334895,-22.0267505,"1,1sa1eda-conf13,-1,1sa-1sa-1,-1,1eda-1eda-6",CCSD(F12*)(T+)/cc-pVTZ-F12 electronic binding energy,ao5c04476_si_001.zip benchmark_data.csv F12_VTZ_FULL; reconstructed as E_cluster - sum(E_monomers)
atmospheric218_095_1sa1eda-conf10,atmospheric218,-0.03951208446218102,-24.79420734,"1,1sa1eda-conf10,-1,1sa-1sa-1,-1,1eda-1eda-6",CCSD(F12*)(T+)/cc-pVTZ-F12 electronic binding energy,ao5c04476_si_001.zip benchmark_data.csv F12_VTZ_FULL; reconstructed as E_cluster - sum(E_monomers)
atmospheric218_096_1sa1dma-conf6,atmospheric218,-0.03258023836297360,-20.44440824,"1,1sa1dma-conf6,-1,1sa-1sa-1,-1,1dma-1dma-1",CCSD(F12*)(T+)/cc-pVTZ-F12 electronic binding energy,ao5c04476_si_001.zip benchmark_data.csv F12_VTZ_FULL; reconstructed as E_cluster - sum(E_monomers)
atmospheric218_097_1sa1dma-conf3,atmospheric218,-0.03727935184552715,-23.39314647,"1,1sa1dma-conf3,-1,1sa-1sa-1,-1,1dma-1dma-1",CCSD(F12*)(T+)/cc-pVTZ-F12 electronic binding energy,ao5c04476_si_001.zip benchmark_data.csv F12_VTZ_FULL; reconstructed as E_cluster - sum(E_monomers)
atmospheric218_098_1sa1dma-conf1,atmospheric218,-0.03919465111936592,-24.59501491,"1,1sa1dma-conf1,-1,1sa-1sa-1,-1,1dma-1dma-1",CCSD(F12*)(T+)/cc-pVTZ-F12 electronic binding energy,ao5c04476_si_001.zip benchmark_data.csv F12_VTZ_FULL; reconstructed as E_cluster - sum(E_monomers)
atmospheric218_099_1sa1dma-conf12,atmospheric218,-0.03672509050864569,-23.04534223,"1,1sa1dma-conf12,-1,1sa-1sa-1,-1,1dma-1dma-1",CCSD(F12*)(T+)/cc-pVTZ-F12 electronic binding energy,ao5c04476_si_001.zip benchmark_data.csv F12_VTZ_FULL; reconstructed as E_cluster - sum(E_monomers)
atmospheric218_100_1sa1dma-conf10,atmospheric218,-0.03470570036016710,-21.77815578,"1,1sa1dma-conf10,-1,1sa-1sa-1,-1,1dma-1dma-1",CCSD(F12*)(T+)/cc-pVTZ-F12 electronic binding energy,ao5c04476_si_001.zip benchmark_data.csv F12_VTZ_FULL; reconstructed as E_cluster - sum(E_monomers)
atmospheric218_101_1sa1a-1sa1am-3,atmospheric218,-0.02356243610835621,-14.78565189,"1,1sa1a-1sa1am-3,-1,1sa-1sa-1,-1,1a-1am",CCSD(F12*)(T+)/cc-pVTZ-F12 electronic binding energy,ao5c04476_si_001.zip benchmark_data.csv F12_VTZ_FULL; reconstructed as E_cluster - sum(E_monomers)
atmospheric218_102_1sa1a-1sa1am-2,atmospheric218,-0.02604631333160793,-16.34430838,"1,1sa1a-1sa1am-2,-1,1sa-1sa-1,-1,1a-1am",CCSD(F12*)(T+)/cc-pVTZ-F12 electronic binding energy,ao5c04476_si_001.zip benchmark_data.csv F12_VTZ_FULL; reconstructed as E_cluster - sum(E_monomers)
atmospheric218_103_1na1w-conf5,atmospheric218,-0.004319127600498129,-2.710293489,"1,1na1w-conf5,-1,1na-1nta-1,-1,1w-1w-1",CCSD(F12*)(T+)/cc-pVTZ-F12 electronic binding energy,ao5c04476_si_001.zip benchmark_data.csv F12_VTZ_FULL; reconstructed as E_cluster - sum(E_monomers)
atmospheric218_104_1na1w-conf4,atmospheric218,-0.01627396605485053,-10.21206788,"1,1na1w-conf4,-1,1na-1nta-1,-1,1w-1w-1",CCSD(F12*)(T+)/cc-pVTZ-F12 electronic binding energy,ao5c04476_si_001.zip benchmark_data.csv F12_VTZ_FULL; reconstructed as E_cluster - sum(E_monomers)
atmospheric218_105_1na1tma-conf1,atmospheric218,-0.02583473847021125,-16.21154315,"1,1na1tma-conf1,-1,1na-1nta-1,-1,1tma-1tma-1",CCSD(F12*)(T+)/cc-pVTZ-F12 electronic binding energy,ao5c04476_si_001.zip benchmark_data.csv F12_VTZ_FULL; reconstructed as E_cluster - sum(E_monomers)
atmospheric218_106_1na1ma-conf1,atmospheric218,-0.02436949338945325,-15.29208798,"1,1na1ma-conf1,-1,1na-1nta-1,-1,1ma-1ma-1",CCSD(F12*)(T+)/cc-pVTZ-F12 electronic binding energy,ao5c04476_si_001.zip benchmark_data.csv F12_VTZ_FULL; reconstructed as E_cluster - sum(E_monomers)
atmospheric218_107_1na1fa-conf7,atmospheric218,-0.008442822452856318,-5.297951077,"1,1na1fa-conf7,-1,1na-1nta-1,-1,1fa-1fa-1",CCSD(F12*)(T+)/cc-pVTZ-F12 electronic binding energy,ao5c04476_si_001.zip benchmark_data.csv F12_VTZ_FULL; reconstructed as E_cluster - sum(E_monomers)
atmospheric218_108_1na1fa-conf5,atmospheric218,-0.01130109562184379,-7.09154457,"1,1na1fa-conf5,-1,1na-1nta-1,-1,1fa-1fa-1",CCSD(F12*)(T+)/cc-pVTZ-F12 electronic binding energy,ao5c04476_si_001.zip benchmark_data.csv F12_VTZ_FULL; reconstructed as E_cluster - sum(E_monomers)
atmospheric218_109_1na1fa-conf4,atmospheric218,-0.009708910505448987,-6.092433325,"1,1na1fa-conf4,-1,1na-1nta-1,-1,1fa-1fa-1",CCSD(F12*)(T+)/cc-pVTZ-F12 electronic binding energy,ao5c04476_si_001.zip benchmark_data.csv F12_VTZ_FULL; reconstructed as E_cluster - sum(E_monomers)
atmospheric218_110_1na1fa-conf3,atmospheric218,-0.01345709503527091,-8.444454628,"1,1na1fa-conf3,-1,1na-1nta-1,-1,1fa-1fa-1",CCSD(F12*)(T+)/cc-pVTZ-F12 electronic binding energy,ao5c04476_si_001.zip benchmark_data.csv F12_VTZ_FULL; reconstructed as E_cluster - sum(E_monomers)
atmospheric218_111_1na1fa-conf2,atmospheric218,-0.01695816455343261,-10.64140892,"1,1na1fa-conf2,-1,1na-1nta-1,-1,1fa-1fa-1",CCSD(F12*)(T+)/cc-pVTZ-F12 electronic binding energy,ao5c04476_si_001.zip benchmark_data.csv F12_VTZ_FULL; reconstructed as E_cluster - sum(E_monomers)
atmospheric218_112_1na1fa-conf1,atmospheric218,-0.02209711778567613,-13.86615076,"1,1na1fa-conf1,-1,1na-1nta-1,-1,1fa-1fa-1",CCSD(F12*)(T+)/cc-pVTZ-F12 electronic binding energy,ao5c04476_si_001.zip benchmark_data.csv F12_VTZ_FULL; reconstructed as E_cluster - sum(E_monomers)
atmospheric218_113_1na1fa-conf18,atmospheric218,-0.0008396366129557734,-0.5268799294,"1,1na1fa-conf18,-1,1na-1nta-1,-1,1fa-1fa-1",CCSD(F12*)(T+)/cc-pVTZ-F12 electronic binding energy,ao5c04476_si_001.zip benchmark_data.csv F12_VTZ_FULL; reconstructed as E_cluster - sum(E_monomers)
atmospheric218_114_1na1eda-conf8,atmospheric218,-0.02663560900806303,-16.714097,"1,1na1eda-conf8,-1,1na-1nta-1,-1,1eda-1eda-6",CCSD(F12*)(T+)/cc-pVTZ-F12 electronic binding energy,ao5c04476_si_001.zip benchmark_data.csv F12_VTZ_FULL; reconstructed as E_cluster - sum(E_monomers)
atmospheric218_115_1na1eda-conf7,atmospheric218,-0.02280670009224577,-14.31142038,"1,1na1eda-conf7,-1,1na-1nta-1,-1,1eda-1eda-6",CCSD(F12*)(T+)/cc-pVTZ-F12 electronic binding energy,ao5c04476_si_001.zip benchmark_data.csv F12_VTZ_FULL; reconstructed as E_cluster - sum(E_monomers)
atmospheric218_116_1na1eda-conf5,atmospheric218,-0.02245888647504762,-14.09316404,"1,1na1eda-conf5,-1,1na-1nta-1,-1,1eda-1eda-6",CCSD(F12*)(T+)/cc-pVTZ-F12 electronic binding energy,ao5c04476_si_001.zip benchmark_data.csv F12_VTZ_FULL; reconstructed as E_cluster - sum(E_monomers)
atmospheric218_117_1na1eda-conf4,atmospheric218,-0.02669768961658000,-16.75305317,"1,1na1eda-conf4,-1,1na-1nta-1,-1,1eda-1eda-6",CCSD(F12*)(T+)/cc-pVTZ-F12 electronic binding energy,ao5c04476_si_001.zip benchmark_data.csv F12_VTZ_FULL; reconstructed as E_cluster - sum(E_monomers)
atmospheric218_118_1na1eda-conf40,atmospheric218,-0.02228490717351914,-13.98399038,"1,1na1eda-conf40,-1,1na-1nta-1,-1,1eda-1eda-6",CCSD(F12*)(T+)/cc-pVTZ-F12 electronic binding energy,ao5c04476_si_001.zip benchmark_data.csv F12_VTZ_FULL; reconstructed as E_cluster - sum(E_monomers)
atmospheric218_119_1na1eda-conf37,atmospheric218,-0.02168560446090036,-13.60792225,"1,1na1eda-conf37,-1,1na-1nta-1,-1,1eda-1eda-6",CCSD(F12*)(T+)/cc-pVTZ-F12 electronic binding energy,ao5c04476_si_001.zip benchmark_data.csv F12_VTZ_FULL; reconstructed as E_cluster - sum(E_monomers)
atmospheric218_120_1na1eda-conf36,atmospheric218,-0.02181511034624390,-13.68918842,"1,1na1eda-conf36,-1,1na-1nta-1,-1,1eda-1eda-6",CCSD(F12*)(T+)/cc-pVTZ-F12 electronic binding energy,ao5c04476_si_001.zip benchmark_data.csv F12_VTZ_FULL; reconstructed as E_cluster - sum(E_monomers)
atmospheric218_121_1na1eda-conf30,atmospheric218,-0.02270833214315280,-14.24969356,"1,1na1eda-conf30,-1,1na-1nta-1,-1,1eda-1eda-6",CCSD(F12*)(T+)/cc-pVTZ-F12 electronic binding energy,ao5c04476_si_001.zip benchmark_data.csv F12_VTZ_FULL; reconstructed as E_cluster - sum(E_monomers)
atmospheric218_122_1na1eda-conf2,atmospheric218,-0.02592617152799204,-16.26891826,"1,1na1eda-conf2,-1,1na-1nta-1,-1,1eda-1eda-6",CCSD(F12*)(T+)/cc-pVTZ-F12 electronic binding energy,ao5c04476_si_001.zip benchmark_data.csv F12_VTZ_FULL; reconstructed as E_cluster - sum(E_monomers)
atmospheric218_123_1na1eda-conf29,atmospheric218,-0.02198012857191229,-13.79273892,"1,1na1eda-conf29,-1,1na-1nta-1,-1,1eda-1eda-6",CCSD(F12*)(T+)/cc-pVTZ-F12 electronic binding energy,ao5c04476_si_001.zip benchmark_data.csv F12_VTZ_FULL; reconstructed as E_cluster - sum(E_monomers)
atmospheric218_124_1na1eda-conf25,atmospheric218,-0.02211533131148315,-13.87757992,"1,1na1eda-conf25,-1,1na-1nta-1,-1,1eda-1eda-6",CCSD(F12*)(T+)/cc-pVTZ-F12 electronic binding energy,ao5c04476_si_001.zip benchmark_data.csv F12_VTZ_FULL; reconstructed as E_cluster - sum(E_monomers)
atmospheric218_125_1na1eda-conf21,atmospheric218,-0.02212135432811671,-13.88135942,"1,1na1eda-conf21,-1,1na-1nta-1,-1,1eda-1eda-6",CCSD(F12*)(T+)/cc-pVTZ-F12 electronic binding energy,ao5c04476_si_001.zip benchmark_data.csv F12_VTZ_FULL; reconstructed as E_cluster - sum(E_monomers)
atmospheric218_126_1na1eda-conf20,atmospheric218,-0.02239900647075589,-14.05558877,"1,1na1eda-conf20,-1,1na-1nta-1,-1,1eda-1eda-6",CCSD(F12*)(T+)/cc-pVTZ-F12 electronic binding energy,ao5c04476_si_001.zip benchmark_data.csv F12_VTZ_FULL; reconstructed as E_cluster - sum(E_monomers)
atmospheric218_127_1na1eda-conf1,atmospheric218,-0.02658492990071173,-16.68229538,"1,1na1eda-conf1,-1,1na-1nta-1,-1,1eda-1eda-6",CCSD(F12*)(T+)/cc-pVTZ-F12 electronic binding energy,ao5c04476_si_001.zip benchmark_data.csv F12_VTZ_FULL; reconstructed as E_cluster - sum(E_monomers)
atmospheric218_128_1na1eda-conf17,atmospheric218,-0.02456677809210230,-15.415886,"1,1na1eda-conf17,-1,1na-1nta-1,-1,1eda-1eda-6",CCSD(F12*)(T+)/cc-pVTZ-F12 electronic binding energy,ao5c04476_si_001.zip benchmark_data.csv F12_VTZ_FULL; reconstructed as E_cluster - sum(E_monomers)
atmospheric218_129_1na1eda-conf16,atmospheric218,-0.02598156658007774,-16.30367918,"1,1na1eda-conf16,-1,1na-1nta-1,-1,1eda-1eda-6",CCSD(F12*)(T+)/cc-pVTZ-F12 electronic binding energy,ao5c04476_si_001.zip benchmark_data.csv F12_VTZ_FULL; reconstructed as E_cluster - sum(E_monomers)
atmospheric218_130_1na1eda-conf14,atmospheric218,-0.02246625272239695,-14.09778643,"1,1na1eda-conf14,-1,1na-1nta-1,-1,1eda-1eda-6",CCSD(F12*)(T+)/cc-pVTZ-F12 electronic binding energy,ao5c04476_si_001.zip benchmark_data.csv F12_VTZ_FULL; reconstructed as E_cluster - sum(E_monomers)
atmospheric218_131_1na1dma-conf5,atmospheric218,-0.02555644488705742,-16.03691129,"1,1na1dma-conf5,-1,1na-1nta-1,-1,1dma-1dma-1",CCSD(F12*)(T+)/cc-pVTZ-F12 electronic binding energy,ao5c04476_si_001.zip benchmark_data.csv F12_VTZ_FULL; reconstructed as E_cluster - sum(E_monomers)
atmospheric218_132_1na1dma-conf2,atmospheric218,-0.02615069342897266,-16.40980788,"1,1na1dma-conf2,-1,1na-1nta-1,-1,1dma-1dma-1",CCSD(F12*)(T+)/cc-pVTZ-F12 electronic binding energy,ao5c04476_si_001.zip benchmark_data.csv F12_VTZ_FULL; reconstructed as E_cluster - sum(E_monomers)
atmospheric218_133_1na1a-conf1,atmospheric218,-0.02146913402401523,-13.472085,"1,1na1a-conf1,-1,1na-1nta-1,-1,1a-1am",CCSD(F12*)(T+)/cc-pVTZ-F12 electronic binding energy,ao5c04476_si_001.zip benchmark_data.csv F12_VTZ_FULL; reconstructed as E_cluster - sum(E_monomers)
atmospheric218_134_1msa1w-conf7,atmospheric218,-0.01019656614834886,-6.398441861,"1,1msa1w-conf7,-1,1msa-1msa-1,-1,1w-1w-1",CCSD(F12*)(T+)/cc-pVTZ-F12 electronic binding energy,ao5c04476_si_001.zip benchmark_data.csv F12_VTZ_FULL; reconstructed as E_cluster - sum(E_monomers)
atmospheric218_135_1msa1w-conf6,atmospheric218,-0.01036481139302445,-6.504017346,"1,1msa1w-conf6,-1,1msa-1msa-1,-1,1w-1w-1",CCSD(F12*)(T+)/cc-pVTZ-F12 electronic binding energy,ao5c04476_si_001.zip benchmark_data.csv F12_VTZ_FULL; reconstructed as E_cluster - sum(E_monomers)
atmospheric218_136_1msa1w-conf5,atmospheric218,-0.009577245844730746,-6.009812503,"1,1msa1w-conf5,-1,1msa-1msa-1,-1,1w-1w-1",CCSD(F12*)(T+)/cc-pVTZ-F12 electronic binding energy,ao5c04476_si_001.zip benchmark_data.csv F12_VTZ_FULL; reconstructed as E_cluster - sum(E_monomers)
atmospheric218_137_1msa1w-conf1,atmospheric218,-0.02036172507048902,-12.77717539,"1,1msa1w-conf1,-1,1msa-1msa-1,-1,1w-1w-1",CCSD(F12*)(T+)/cc-pVTZ-F12 electronic binding energy,ao5c04476_si_001.zip benchmark_data.csv F12_VTZ_FULL; reconstructed as E_cluster - sum(E_monomers)
atmospheric218_138_1msa1tma-conf2,atmospheric218,-0.03611196453062848,-22.66059987,"1,1msa1tma-conf2,-1,1msa-1msa-1,-1,1tma-1tma-1",CCSD(F12*)(T+)/cc-pVTZ-F12 electronic binding energy,ao5c04476_si_001.zip benchmark_data.csv F12_VTZ_FULL; reconstructed as E_cluster - sum(E_monomers)
atmospheric218_139_1msa1tma-conf1,atmospheric218,-0.03610491827844782,-22.65617828,"1,1msa1tma-conf1,-1,1msa-1msa-1,-1,1tma-1tma-1",CCSD(F12*)(T+)/cc-pVTZ-F12 electronic binding energy,ao5c04476_si_001.zip benchmark_data.csv F12_VTZ_FULL; reconstructed as E_cluster - sum(E_monomers)
atmospheric218_140_1msa1na-conf6,atmospheric218,-0.01673158144054449,-10.49922587,"1,1msa1na-conf6,-1,1msa-1msa-1,-1,1na-1nta-1",CCSD(F12*)(T+)/cc-pVTZ-F12 electronic binding energy,ao5c04476_si_001.zip benchmark_data.csv F12_VTZ_FULL; reconstructed as E_cluster - sum(E_monomers)
atmospheric218_141_1msa1na-conf5,atmospheric218,-0.01285049133806247,-8.063805061,"1,1msa1na-conf5,-1,1msa-1msa-1,-1,1na-1nta-1",CCSD(F12*)(T+)/cc-pVTZ-F12 electronic binding energy,ao5c04476_si_001.zip benchmark_data.csv F12_VTZ_FULL; reconstructed as E_cluster - sum(E_monomers)
atmospheric218_142_1msa1na-conf1,atmospheric218,-0.02325425606009680,-14.59226599,"1,1msa1na-conf1,-1,1msa-1msa-1,-1,1na-1nta-1",CCSD(F12*)(T+)/cc-pVTZ-F12 electronic binding energy,ao5c04476_si_001.zip benchmark_data.csv F12_VTZ_FULL; reconstructed as E_cluster - sum(E_monomers)
atmospheric218_143_1msa1ma-conf4,atmospheric218,-0.02741250166092356,-17.2016045,"1,1msa1ma-conf4,-1,1msa-1msa-1,-1,1ma-1ma-1",CCSD(F12*)(T+)/cc-pVTZ-F12 electronic binding energy,ao5c04476_si_001.zip benchmark_data.csv F12_VTZ_FULL; reconstructed as E_cluster - sum(E_monomers)
atmospheric218_144_1msa1ma-conf3,atmospheric218,-0.02858818673101991,-17.93935802,"1,1msa1ma-conf3,-1,1msa-1msa-1,-1,1ma-1ma-1",CCSD(F12*)(T+)/cc-pVTZ-F12 electronic binding energy,ao5c04476_si_001.zip benchmark_data.csv F12_VTZ_FULL; reconstructed as E_cluster - sum(E_monomers)
atmospheric218_145_1msa1fa-conf6,atmospheric218,-0.01130737066813832,-7.095482221,"1,1msa1fa-conf6,-1,1msa-1msa-1,-1,1fa-1fa-1",CCSD(F12*)(T+)/cc-pVTZ-F12 electronic binding energy,ao5c04476_si_001.zip benchmark_data.csv F12_VTZ_FULL; reconstructed as E_cluster - sum(E_monomers)
atmospheric218_146_1msa1fa-conf5,atmospheric218,-0.01460333244638555,-9.163729463,"1,1msa1fa-conf5,-1,1msa-1msa-1,-1,1fa-1fa-1",CCSD(F12*)(T+)/cc-pVTZ-F12 electronic binding energy,ao5c04476_si_001.zip benchmark_data.csv F12_VTZ_FULL; reconstructed as E_cluster - sum(E_monomers)
atmospheric218_147_1msa1fa-conf2,atmospheric218,-0.01969104657495178,-12.35631828,"1,1msa1fa-conf2,-1,1msa-1msa-1,-1,1fa-1fa-1",CCSD(F12*)(T+)/cc-pVTZ-F12 electronic binding energy,ao5c04476_si_001.zip benchmark_data.csv F12_VTZ_FULL; reconstructed as E_cluster - sum(E_monomers)
atmospheric218_148_1msa1fa-conf1,atmospheric218,-0.02875566302316181,-18.04445098,"1,1msa1fa-conf1,-1,1msa-1msa-1,-1,1fa-1fa-1",CCSD(F12*)(T+)/cc-pVTZ-F12 electronic binding energy,ao5c04476_si_001.zip benchmark_data.csv F12_VTZ_FULL; reconstructed as E_cluster - sum(E_monomers)
atmospheric218_149_1msa1eda-conf5,atmospheric218,-0.03129195322400101,-19.63599711,"1,1msa1eda-conf5,-1,1msa-1msa-1,-1,1eda-1eda-6",CCSD(F12*)(T+)/cc-pVTZ-F12 electronic binding energy,ao5c04476_si_001.zip benchmark_data.csv F12_VTZ_FULL; reconstructed as E_cluster - sum(E_monomers)
atmospheric218_150_1msa1eda-conf55,atmospheric218,-0.02779053013667554,-17.43882095,"1,1msa1eda-conf55,-1,1msa-1msa-1,-1,1eda-1eda-6",CCSD(F12*)(T+)/cc-pVTZ-F12 electronic binding energy,ao5c04476_si_001.zip benchmark_data.csv F12_VTZ_FULL; reconstructed as E_cluster - sum(E_monomers)
atmospheric218_151_1msa1eda-conf53,atmospheric218,-0.02673763334816656,-16.77811824,"1,1msa1eda-conf53,-1,1msa-1msa-1,-1,1eda-1eda-6",CCSD(F12*)(T+)/cc-pVTZ-F12 electronic binding energy,ao5c04476_si_001.zip benchmark_data.csv F12_VTZ_FULL; reconstructed as E_cluster - sum(E_monomers)
atmospheric218_152_1msa1eda-conf51,atmospheric218,-0.02993370423298371,-18.783683,"1,1msa1eda-conf51,-1,1msa-1msa-1,-1,1eda-1eda-6",CCSD(F12*)(T+)/cc-pVTZ-F12 electronic binding energy,ao5c04476_si_001.zip benchmark_data.csv F12_VTZ_FULL; reconstructed as E_cluster - sum(E_monomers)
atmospheric218_153_1msa1eda-conf48,atmospheric218,-0.03387199058904197,-21.254995,"1,1msa1eda-conf48,-1,1msa-1msa-1,-1,1eda-1eda-6",CCSD(F12*)(T+)/cc-pVTZ-F12 electronic binding energy,ao5c04476_si_001.zip benchmark_data.csv F12_VTZ_FULL; reconstructed as E_cluster - sum(E_monomers)
atmospheric218_154_1msa1eda-conf47,atmospheric218,-0.02896668378933862,-18.17686851,"1,1msa1eda-conf47,-1,1msa-1msa-1,-1,1eda-1eda-6",CCSD(F12*)(T+)/cc-pVTZ-F12 electronic binding energy,ao5c04476_si_001.zip benchmark_data.csv F12_VTZ_FULL; reconstructed as E_cluster - sum(E_monomers)
atmospheric218_155_1msa1eda-conf46,atmospheric218,-0.03539456336202918,-22.21042384,"1,1msa1eda-conf46,-1,1msa-1msa-1,-1,1eda-1eda-6",CCSD(F12*)(T+)/cc-pVTZ-F12 electronic binding energy,ao5c04476_si_001.zip benchmark_data.csv F12_VTZ_FULL; reconstructed as E_cluster - sum(E_monomers)
atmospheric218_156_1msa1eda-conf37,atmospheric218,-0.03290372485742546,-20.64739908,"1,1msa1eda-conf37,-1,1msa-1msa-1,-1,1eda-1eda-6",CCSD(F12*)(T+)/cc-pVTZ-F12 electronic binding energy,ao5c04476_si_001.zip benchmark_data.csv F12_VTZ_FULL; reconstructed as E_cluster - sum(E_monomers)
atmospheric218_157_1msa1eda-conf36,atmospheric218,-0.02978678109666350,-18.69148734,"1,1msa1eda-conf36,-1,1msa-1msa-1,-1,1eda-1eda-6",CCSD(F12*)(T+)/cc-pVTZ-F12 electronic binding energy,ao5c04476_si_001.zip benchmark_data.csv F12_VTZ_FULL; reconstructed as E_cluster - sum(E_monomers)
atmospheric218_158_1msa1eda-conf2,atmospheric218,-0.03709734037841659,-23.27893255,"1,1msa1eda-conf2,-1,1msa-1msa-1,-1,1eda-1eda-6",CCSD(F12*)(T+)/cc-pVTZ-F12 electronic binding energy,ao5c04476_si_001.zip benchmark_data.csv F12_VTZ_FULL; reconstructed as E_cluster - sum(E_monomers)
atmospheric218_159_1msa1eda-conf29,atmospheric218,-0.02817531003240620,-17.68027398,"1,1msa1eda-conf29,-1,1msa-1msa-1,-1,1eda-1eda-6",CCSD(F12*)(T+)/cc-pVTZ-F12 electronic binding energy,ao5c04476_si_001.zip benchmark_data.csv F12_VTZ_FULL; reconstructed as E_cluster - sum(E_monomers)
atmospheric218_160_1msa1eda-conf25,atmospheric218,-0.03739870099178796,-23.46803919,"1,1msa1eda-conf25,-1,1msa-1msa-1,-1,1eda-1eda-6",CCSD(F12*)(T+)/cc-pVTZ-F12 electronic binding energy,ao5c04476_si_001.zip benchmark_data.csv F12_VTZ_FULL; reconstructed as E_cluster - sum(E_monomers)
atmospheric218_161_1msa1eda-conf23,atmospheric218,-0.03163176391820347,-19.84923154,"1,1msa1eda-conf23,-1,1msa-1msa-1,-1,1eda-1eda-6",CCSD(F12*)(T+)/cc-pVTZ-F12 electronic binding energy,ao5c04476_si_001.zip benchmark_data.csv F12_VTZ_FULL; reconstructed as E_cluster - sum(E_monomers)
atmospheric218_162_1msa1eda-conf22,atmospheric218,-0.02883963855210291,-18.09714642,"1,1msa1eda-conf22,-1,1msa-1msa-1,-1,1eda-1eda-6",CCSD(F12*)(T+)/cc-pVTZ-F12 electronic binding energy,ao5c04476_si_001.zip benchmark_data.csv F12_VTZ_FULL; reconstructed as E_cluster - sum(E_monomers)
atmospheric218_163_1msa1eda-conf21,atmospheric218,-0.03739958794254011,-23.46859576,"1,1msa1eda-conf21,-1,1msa-1msa-1,-1,1eda-1eda-6",CCSD(F12*)(T+)/cc-pVTZ-F12 electronic binding energy,ao5c04476_si_001.zip benchmark_data.csv F12_VTZ_FULL; reconstructed as E_cluster - sum(E_monomers)
atmospheric218_164_1msa1eda-conf16,atmospheric218,-0.03487222216472793,-21.88264979,"1,1msa1eda-conf16,-1,1msa-1msa-1,-1,1eda-1eda-6",CCSD(F12*)(T+)/cc-pVTZ-F12 electronic binding energy,ao5c04476_si_001.zip benchmark_data.csv F12_VTZ_FULL; reconstructed as E_cluster - sum(E_monomers)
atmospheric218_165_1msa1eda-conf14,atmospheric218,-0.03164971916902549,-19.86049863,"1,1msa1eda-conf14,-1,1msa-1msa-1,-1,1eda-1eda-6",CCSD(F12*)(T+)/cc-pVTZ-F12 electronic binding energy,ao5c04476_si_001.zip benchmark_data.csv F12_VTZ_FULL; reconstructed as E_cluster - sum(E_monomers)
atmospheric218_166_1msa1dma-conf4,atmospheric218,-0.03301785228172758,-20.71901512,"1,1msa1dma-conf4,-1,1msa-1msa-1,-1,1dma-1dma-1",CCSD(F12*)(T+)/cc-pVTZ-F12 electronic binding energy,ao5c04476_si_001.zip benchmark_data.csv F12_VTZ_FULL; reconstructed as E_cluster - sum(E_monomers)
atmospheric218_167_1msa1dma-conf3,atmospheric218,-0.03533276372138168,-22.17164398,"1,1msa1dma-conf3,-1,1msa-1msa-1,-1,1dma-1dma-1",CCSD(F12*)(T+)/cc-pVTZ-F12 electronic binding energy,ao5c04476_si_001.zip benchmark_data.csv F12_VTZ_FULL; reconstructed as E_cluster - sum(E_monomers)
atmospheric218_168_1msa1dma-conf1,atmospheric218,-0.03547313525940749,-22.25972845,"1,1msa1dma-conf1,-1,1msa-1msa-1,-1,1dma-1dma-1",CCSD(F12*)(T+)/cc-pVTZ-F12 electronic binding energy,ao5c04476_si_001.zip benchmark_data.csv F12_VTZ_FULL; reconstructed as E_cluster - sum(E_monomers)
atmospheric218_169_1msa1a-conf1,atmospheric218,-0.02407707646575028,-15.10859359,"1,1msa1a-conf1,-1,1msa-1msa-1,-1,1a-1am",CCSD(F12*)(T+)/cc-pVTZ-F12 electronic binding energy,ao5c04476_si_001.zip benchmark_data.csv F12_VTZ_FULL; reconstructed as E_cluster - sum(E_monomers)
atmospheric218_170_1fa1w-1fa1w-7,atmospheric218,-0.006478646251628063,-4.065411902,"1,1fa1w-1fa1w-7,-1,1fa-1fa-1,-1,1w-1w-1",CCSD(F12*)(T+)/cc-pVTZ-F12 electronic binding energy,ao5c04476_si_001.zip benchmark_data.csv F12_VTZ_FULL; reconstructed as E_cluster - sum(E_monomers)
atmospheric218_171_1fa1w-1fa1w-5,atmospheric218,-0.005875381353412464,-3.686857463,"1,1fa1w-1fa1w-5,-1,1fa-1fa-1,-1,1w-1w-1",CCSD(F12*)(T+)/cc-pVTZ-F12 electronic binding energy,ao5c04476_si_001.zip benchmark_data.csv F12_VTZ_FULL; reconstructed as E_cluster - sum(E_monomers)
atmospheric218_172_1fa1w-1fa1w-4,atmospheric218,-0.008777558415709491,-5.508001065,"1,1fa1w-1fa1w-4,-1,1fa-1fa-1,-1,1w-1w-1",CCSD(F12*)(T+)/cc-pVTZ-F12 electronic binding energy,ao5c04476_si_001.zip benchmark_data.csv F12_VTZ_FULL; reconstructed as E_cluster - sum(E_monomers)
atmospheric218_173_1fa1w-1fa1w-31,atmospheric218,-0.002891980876797911,-1.814745399,"1,1fa1w-1fa1w-31,-1,1fa-1fa-1,-1,1w-1w-1",CCSD(F12*)(T+)/cc-pVTZ-F12 electronic binding energy,ao5c04476_si_001.zip benchmark_data.csv F12_VTZ_FULL; reconstructed as E_cluster - sum(E_monomers)
atmospheric218_174_1fa1w-1fa1w-30,atmospheric218,-0.0003157458090904878,-0.1981334866,"1,1fa1w-1fa1w-30,-1,1fa-1fa-1,-1,1w-1w-1",CCSD(F12*)(T+)/cc-pVTZ-F12 electronic binding energy,ao5c04476_si_001.zip benchmark_data.csv F12_VTZ_FULL; reconstructed as E_cluster - sum(E_monomers)
atmospheric218_175_1fa1w-1fa1w-24,atmospheric218,-0.004017781186115571,-2.521195759,"1,1fa1w-1fa1w-24,-1,1fa-1fa-1,-1,1w-1w-1",CCSD(F12*)(T+)/cc-pVTZ-F12 electronic binding energy,ao5c04476_si_001.zip benchmark_data.csv F12_VTZ_FULL; reconstructed as E_cluster - sum(E_monomers)
atmospheric218_176_1fa1w-1fa1w-1,atmospheric218,-0.01663407502426073,-10.43803967,"1,1fa1w-1fa1w-1,-1,1fa-1fa-1,-1,1w-1w-1",CCSD(F12*)(T+)/cc-pVTZ-F12 electronic binding energy,ao5c04476_si_001.zip benchmark_data.csv F12_VTZ_FULL; reconstructed as E_cluster - sum(E_monomers)
atmospheric218_177_1fa1tma-conf3,atmospheric218,-0.01366475238131266,-8.57476158,"1,1fa1tma-conf3,-1,1fa-1fa-1,-1,1tma-1tma-1",CCSD(F12*)(T+)/cc-pVTZ-F12 electronic binding energy,ao5c04476_si_001.zip benchmark_data.csv F12_VTZ_FULL; reconstructed as E_cluster - sum(E_monomers)
atmospheric218_178_1fa1tma-conf2,atmospheric218,-0.02245365812370695,-14.0898832,"1,1fa1tma-conf2,-1,1fa-1fa-1,-1,1tma-1tma-1",CCSD(F12*)(T+)/cc-pVTZ-F12 electronic binding energy,ao5c04476_si_001.zip benchmark_data.csv F12_VTZ_FULL; reconstructed as E_cluster - sum(E_monomers)
atmospheric218_179_1fa1tma-conf1,atmospheric218,-0.02244814341812395,-14.08642267,"1,1fa1tma-conf1,-1,1fa-1fa-1,-1,1tma-1tma-1",CCSD(F12*)(T+)/cc-pVTZ-F12 electronic binding energy,ao5c04476_si_001.zip benchmark_data.csv F12_VTZ_FULL; reconstructed as E_cluster - sum(E_monomers)
atmospheric218_180_1fa1ma-1fa1ma-5,atmospheric218,-0.001039039896048544,-0.6520073787,"1,1fa1ma-1fa1ma-5,-1,1fa-1fa-1,-1,1ma-1ma-1",CCSD(F12*)(T+)/cc-pVTZ-F12 electronic binding energy,ao5c04476_si_001.zip benchmark_data.csv F12_VTZ_FULL; reconstructed as E_cluster - sum(E_monomers)
atmospheric218_181_1fa1ma-1fa1ma-1,atmospheric218,-0.02054057892790299,-12.88940788,"1,1fa1ma-1fa1ma-1,-1,1fa-1fa-1,-1,1ma-1ma-1",CCSD(F12*)(T+)/cc-pVTZ-F12 electronic binding energy,ao5c04476_si_001.zip benchmark_data.csv F12_VTZ_FULL; reconstructed as E_cluster - sum(E_monomers)
atmospheric218_182_1fa1eda-conf9,atmospheric218,-0.01968117023004201,-12.35012078,"1,1fa1eda-conf9,-1,1fa-1fa-1,-1,1eda-1eda-6",CCSD(F12*)(T+)/cc-pVTZ-F12 electronic binding energy,ao5c04476_si_001.zip benchmark_data.csv F12_VTZ_FULL; reconstructed as E_cluster - sum(E_monomers)
atmospheric218_183_1fa1eda-conf89,atmospheric218,-0.002439242397551569,-1.530647714,"1,1fa1eda-conf89,-1,1fa-1fa-1,-1,1eda-1eda-6",CCSD(F12*)(T+)/cc-pVTZ-F12 electronic binding energy,ao5c04476_si_001.zip benchmark_data.csv F12_VTZ_FULL; reconstructed as E_cluster - sum(E_monomers)
atmospheric218_184_1fa1eda-conf87,atmospheric218,0.0002165790070387589,0.1359053788,"1,1fa1eda-conf87,-1,1fa-1fa-1,-1,1eda-1eda-6",CCSD(F12*)(T+)/cc-pVTZ-F12 electronic binding energy,ao5c04476_si_001.zip benchmark_data.csv F12_VTZ_FULL; reconstructed as E_cluster - sum(E_monomers)
atmospheric218_185_1fa1eda-conf84,atmospheric218,0.00002060968301603607,0.01293277135,"1,1fa1eda-conf84,-1,1fa-1fa-1,-1,1eda-1eda-6",CCSD(F12*)(T+)/cc-pVTZ-F12 electronic binding energy,ao5c04476_si_001.zip benchmark_data.csv F12_VTZ_FULL; reconstructed as E_cluster - sum(E_monomers)
atmospheric218_186_1fa1eda-conf82,atmospheric218,0.0006735249339956588,0.4226432771,"1,1fa1eda-conf82,-1,1fa-1fa-1,-1,1eda-1eda-6",CCSD(F12*)(T+)/cc-pVTZ-F12 electronic binding energy,ao5c04476_si_001.zip benchmark_data.csv F12_VTZ_FULL; reconstructed as E_cluster - sum(E_monomers)
atmospheric218_187_1fa1eda-conf80,atmospheric218,0.001441317609029522,0.9044404548,"1,1fa1eda-conf80,-1,1fa-1fa-1,-1,1eda-1eda-6",CCSD(F12*)(T+)/cc-pVTZ-F12 electronic binding energy,ao5c04476_si_001.zip benchmark_data.csv F12_VTZ_FULL; reconstructed as E_cluster - sum(E_monomers)
atmospheric218_188_1fa1eda-conf78,atmospheric218,0.001400145463957809,0.8786045437,"1,1fa1eda-conf78,-1,1fa-1fa-1,-1,1eda-1eda-6",CCSD(F12*)(T+)/cc-pVTZ-F12 electronic binding energy,ao5c04476_si_001.zip benchmark_data.csv F12_VTZ_FULL; reconstructed as E_cluster - sum(E_monomers)
atmospheric218_189_1fa1eda-conf77,atmospheric218,0.001530414619052319,0.9603496727,"1,1fa1eda-conf77,-1,1fa-1fa-1,-1,1eda-1eda-6",CCSD(F12*)(T+)/cc-pVTZ-F12 electronic binding energy,ao5c04476_si_001.zip benchmark_data.csv F12_VTZ_FULL; reconstructed as E_cluster - sum(E_monomers)
atmospheric218_190_1fa1eda-conf75,atmospheric218,-0.0005058663069174312,-0.3174359002,"1,1fa1eda-conf75,-1,1fa-1fa-1,-1,1eda-1eda-6",CCSD(F12*)(T+)/cc-pVTZ-F12 electronic binding energy,ao5c04476_si_001.zip benchmark_data.csv F12_VTZ_FULL; reconstructed as E_cluster - sum(E_monomers)
atmospheric218_191_1fa1eda-conf71,atmospheric218,-0.0006482404660221848,-0.4067770339,"1,1fa1eda-conf71,-1,1fa-1fa-1,-1,1eda-1eda-6",CCSD(F12*)(T+)/cc-pVTZ-F12 electronic binding energy,ao5c04476_si_001.zip benchmark_data.csv F12_VTZ_FULL; reconstructed as E_cluster - sum(E_monomers)
atmospheric218_192_1fa1eda-conf70,atmospheric218,-0.01045223781328991,-6.558878253,"1,1fa1eda-conf70,-1,1fa-1fa-1,-1,1eda-1eda-6",CCSD(F12*)(T+)/cc-pVTZ-F12 electronic binding energy,ao5c04476_si_001.zip benchmark_data.csv F12_VTZ_FULL; reconstructed as E_cluster - sum(E_monomers)
atmospheric218_193_1fa1eda-conf68,atmospheric218,-0.01081098833149701,-6.783997602,"1,1fa1eda-conf68,-1,1fa-1fa-1,-1,1eda-1eda-6",CCSD(F12*)(T+)/cc-pVTZ-F12 electronic binding energy,ao5c04476_si_001.zip benchmark_data.csv F12_VTZ_FULL; reconstructed as E_cluster - sum(E_monomers)
atmospheric218_194_1fa1eda-conf66,atmospheric218,-0.01357152137776909,-8.516258242,"1,1fa1eda-conf66,-1,1fa-1fa-1,-1,1eda-1eda-6",CCSD(F12*)(T+)/cc-pVTZ-F12 electronic binding energy,ao5c04476_si_001.zip benchmark_data.csv F12_VTZ_FULL; reconstructed as E_cluster - sum(E_monomers)
atmospheric218_195_1fa1eda-conf65,atmospheric218,-0.01513860686355909,-9.499619231,"1,1fa1eda-conf65,-1,1fa-1fa-1,-1,1eda-1eda-6",CCSD(F12*)(T+)/cc-pVTZ-F12 electronic binding energy,ao5c04476_si_001.zip benchmark_data.csv F12_VTZ_FULL; reconstructed as E_cluster - sum(E_monomers)
atmospheric218_196_1fa1eda-conf63,atmospheric218,-0.01795691782474494,-11.26813606,"1,1fa1eda-conf63,-1,1fa-1fa-1,-1,1eda-1eda-6",CCSD(F12*)(T+)/cc-pVTZ-F12 electronic binding energy,ao5c04476_si_001.zip benchmark_data.csv F12_VTZ_FULL; reconstructed as E_cluster - sum(E_monomers)
atmospheric218_197_1fa1eda-conf5,atmospheric218,-0.01968372622332385,-12.35172469,"1,1fa1eda-conf5,-1,1fa-1fa-1,-1,1eda-1eda-6",CCSD(F12*)(T+)/cc-pVTZ-F12 electronic binding energy,ao5c04476_si_001.zip benchmark_data.csv F12_VTZ_FULL; reconstructed as E_cluster - sum(E_monomers)
atmospheric218_198_1fa1eda-conf56,atmospheric218,-0.01740724808387770,-10.92321309,"1,1fa1eda-conf56,-1,1fa-1fa-1,-1,1eda-1eda-6",CCSD(F12*)(T+)/cc-pVTZ-F12 electronic binding energy,ao5c04476_si_001.zip benchmark_data.csv F12_VTZ_FULL; reconstructed as E_cluster - sum(E_monomers)
atmospheric218_199_1fa1eda-conf49,atmospheric218,-0.02028814622919911,-12.73100397,"1,1fa1eda-conf49,-1,1fa-1fa-1,-1,1eda-1eda-6",CCSD(F12*)(T+)/cc-pVTZ-F12 electronic binding energy,ao5c04476_si_001.zip benchmark_data.csv F12_VTZ_FULL; reconstructed as E_cluster - sum(E_monomers)
atmospheric218_200_1fa1eda-conf48,atmospheric218,-0.01808117143879023,-11.34610638,"1,1fa1eda-conf48,-1,1fa-1fa-1,-1,1eda-1eda-6",CCSD(F12*)(T+)/cc-pVTZ-F12 electronic binding energy,ao5c04476_si_001.zip benchmark_data.csv F12_VTZ_FULL; reconstructed as E_cluster - sum(E_monomers)
atmospheric218_201_1fa1eda-conf45,atmospheric218,-0.01836461100002642,-11.52396739,"1,1fa1eda-conf45,-1,1fa-1fa-1,-1,1eda-1eda-6",CCSD(F12*)(T+)/cc-pVTZ-F12 electronic binding energy,ao5c04476_si_001.zip benchmark_data.csv F12_VTZ_FULL; reconstructed as E_cluster - sum(E_monomers)
atmospheric218_202_1fa1eda-conf43,atmospheric218,-0.01899269198731103,-11.91809416,"1,1fa1eda-conf43,-1,1fa-1fa-1,-1,1eda-1eda-6",CCSD(F12*)(T+)/cc-pVTZ-F12 electronic binding energy,ao5c04476_si_001.zip benchmark_data.csv F12_VTZ_FULL; reconstructed as E_cluster - sum(E_monomers)
atmospheric218_203_1fa1eda-conf40,atmospheric218,-0.01936083721785901,-12.14910878,"1,1fa1eda-conf40,-1,1fa-1fa-1,-1,1eda-1eda-6",CCSD(F12*)(T+)/cc-pVTZ-F12 electronic binding energy,ao5c04476_si_001.zip benchmark_data.csv F12_VTZ_FULL; reconstructed as E_cluster - sum(E_monomers)
atmospheric218_204_1fa1eda-conf39,atmospheric218,-0.01831933609793444,-11.49555696,"1,1fa1eda-conf39,-1,1fa-1fa-1,-1,1eda-1eda-6",CCSD(F12*)(T+)/cc-pVTZ-F12 electronic binding energy,ao5c04476_si_001.zip benchmark_data.csv F12_VTZ_FULL; reconstructed as E_cluster - sum(E_monomers)
atmospheric218_205_1fa1eda-conf35,atmospheric218,-0.02020132236079243,-12.67652117,"1,1fa1eda-conf35,-1,1fa-1fa-1,-1,1eda-1eda-6",CCSD(F12*)(T+)/cc-pVTZ-F12 electronic binding energy,ao5c04476_si_001.zip benchmark_data.csv F12_VTZ_FULL; reconstructed as E_cluster - sum(E_monomers)
atmospheric218_206_1fa1eda-conf30,atmospheric218,-0.01853411937304152,-11.6303355,"1,1fa1eda-conf30,-1,1fa-1fa-1,-1,1eda-1eda-6",CCSD(F12*)(T+)/cc-pVTZ-F12 electronic binding energy,ao5c04476_si_001.zip benchmark_data.csv F12_VTZ_FULL; reconstructed as E_cluster - sum(E_monomers)
atmospheric218_207_1fa1eda-conf2,atmospheric218,-0.02381011413781074,-14.9410722,"1,1fa1eda-conf2,-1,1fa-1fa-1,-1,1eda-1eda-6",CCSD(F12*)(T+)/cc-pVTZ-F12 electronic binding energy,ao5c04476_si_001.zip benchmark_data.csv F12_VTZ_FULL; reconstructed as E_cluster - sum(E_monomers)
atmospheric218_208_1fa1eda-conf28,atmospheric218,-0.01870134441798076,-11.7352708,"1,1fa1eda-conf28,-1,1fa-1fa-1,-1,1eda-1eda-6",CCSD(F12*)(T+)/cc-pVTZ-F12 electronic binding energy,ao5c04476_si_001.zip benchmark_data.csv F12_VTZ_FULL; reconstructed as E_cluster - sum(E_monomers)
atmospheric218_209_1fa1eda-conf22,atmospheric218,-0.02247481982810962,-14.10316237,"1,1fa1eda-conf22,-1,1fa-1fa-1,-1,1eda-1eda-6",CCSD(F12*)(T+)/cc-pVTZ-F12 electronic binding energy,ao5c04476_si_001.zip benchmark_data.csv F12_VTZ_FULL; reconstructed as E_cluster - sum(E_monomers)
atmospheric218_210_1fa1eda-conf21,atmospheric218,-0.01932760763191350,-12.1282569,"1,1fa1eda-conf21,-1,1fa-1fa-1,-1,1eda-1eda-6",CCSD(F12*)(T+)/cc-pVTZ-F12 electronic binding energy,ao5c04476_si_001.zip benchmark_data.csv F12_VTZ_FULL; reconstructed as E_cluster - sum(E_monomers)
atmospheric218_211_1fa1eda-conf20,atmospheric218,-0.02265640103876803,-14.2171063,"1,1fa1eda-conf20,-1,1fa-1fa-1,-1,1eda-1eda-6",CCSD(F12*)(T+)/cc-pVTZ-F12 electronic binding energy,ao5c04476_si_001.zip benchmark_data.csv F12_VTZ_FULL; reconstructed as E_cluster - sum(E_monomers)
atmospheric218_212_1fa1eda-conf18,atmospheric218,-0.02163274927484995,-13.57475512,"1,1fa1eda-conf18,-1,1fa-1fa-1,-1,1eda-1eda-6",CCSD(F12*)(T+)/cc-pVTZ-F12 electronic binding energy,ao5c04476_si_001.zip benchmark_data.csv F12_VTZ_FULL; reconstructed as E_cluster - sum(E_monomers)
atmospheric218_213_1fa1eda-conf103,atmospheric218,0.003905322504746078,2.450626871,"1,1fa1eda-conf103,-1,1fa-1fa-1,-1,1eda-1eda-6",CCSD(F12*)(T+)/cc-pVTZ-F12 electronic binding energy,ao5c04476_si_001.zip benchmark_data.csv F12_VTZ_FULL; reconstructed as E_cluster - sum(E_monomers)
atmospheric218_214_1fa1dma-1fa1dma-9,atmospheric218,-0.002140964848388735,-1.343475726,"1,1fa1dma-1fa1dma-9,-1,1fa-1fa-1,-1,1dma-1dma-1",CCSD(F12*)(T+)/cc-pVTZ-F12 electronic binding energy,ao5c04476_si_001.zip benchmark_data.csv F12_VTZ_FULL; reconstructed as E_cluster - sum(E_monomers)
atmospheric218_215_1fa1dma-1fa1dma-5,atmospheric218,-0.02228214856975051,-13.98225933,"1,1fa1dma-1fa1dma-5,-1,1fa-1fa-1,-1,1dma-1dma-1",CCSD(F12*)(T+)/cc-pVTZ-F12 electronic binding energy,ao5c04476_si_001.zip benchmark_data.csv F12_VTZ_FULL; reconstructed as E_cluster - sum(E_monomers)
atmospheric218_216_1fa1dma-1fa1dma-4,atmospheric218,-0.02134270917581919,-13.39275221,"1,1fa1dma-1fa1dma-4,-1,1fa-1fa-1,-1,1dma-1dma-1",CCSD(F12*)(T+)/cc-pVTZ-F12 electronic binding energy,ao5c04476_si_001.zip benchmark_data.csv F12_VTZ_FULL; reconstructed as E_cluster - sum(E_monomers)
atmospheric218_217_1fa1dma-1fa1dma-13,atmospheric218,-0.01328370044842032,-8.335647882,"1,1fa1dma-1fa1dma-13,-1,1fa-1fa-1,-1,1dma-1dma-1",CCSD(F12*)(T+)/cc-pVTZ-F12 electronic binding energy,ao5c04476_si_001.zip benchmark_data.csv F12_VTZ_FULL; reconstructed as E_cluster - sum(E_monomers)
atmospheric218_218_1fa1a-1fa1am-1,atmospheric218,-0.01846710891066917,-11.5882858,"1,1fa1a-1fa1am-1,-1,1fa-1fa-1,-1,1a-1am",CCSD(F12*)(T+)/cc-pVTZ-F12 electronic binding energy,ao5c04476_si_001.zip benchmark_data.csv F12_VTZ_FULL; reconstructed as E_cluster - sum(E_monomers)
