Dataset,Datatype,wB97M2,B3LYP,BMK,CAMB3LYP,CF22D,M052X,M062X,M08HX,MN15,PBE0,PW6B95,SOGGA11X,r2SCAN0,wB97M-V,wB97X-V,revDSD-PBEP86-D4
BH28,Barrier Height,0.5857980990748335,3.583308308164367,2.239324692922807,2.705568241486399,0.8349158775979907,3.068055953679526,2.402701948004174,2.177847589750953,1.527156660696649,2.823461247755441,1.710762759401976,2.438824118508576,2.469192403668347,0.9850912835756136,2.29729953573231,2.007661777969794
BH46,Barrier Height,0.6859453566638516,4.494691391350568,1.392367957152868,3.027896521679222,1.407424220313483,1.456200988723468,1.28745232367845,0.9180352099789759,1.239364268741242,4.055437913425878,3.220000789236627,1.60823970534563,3.234588800733446,1.419316848075336,1.884715719680616,1.069908658016088
BH876,Barrier Height,1.326736889449755,4.591483575294963,2.428282354786422,2.839539878658996,1.567005442550894,1.577960097944016,1.550216431137176,1.611791887102907,1.966964454023832,2.678862974666037,2.86090164568789,2.755308300198086,2.232408868236348,1.368165316460258,2.179436581020007,3.174890685383531
BHDIV7,Barrier Height,0.7839289489049828,2.716746473392687,1.112815243241138,1.685756484450067,1.370933125689259,1.325697464764637,1.128434016777658,1.051530677892447,1.828539326814376,4.158965598640983,2.251768721239722,1.217183443671322,2.851520708151459,1.472263696212568,0.8375794491357202,0.7640743224431278
BHPERI11,Barrier Height,0.4567649733428029,6.466340814423417,4.028333452876037,6.589607720138094,1.13745784341854,1.29883299446862,1.105373580643818,1.201285631324905,1.092990514056053,0.9464912395078927,2.043421292264832,4.539058011513697,1.154441518443638,1.335940607500631,2.686004045914137,2.067651152105974
BHROT27,Barrier Height,0.1511695260742998,0.4145104703479,0.5751431321268174,0.4183373903469487,0.2428960883218927,0.4766684492115722,0.3550736421790464,0.4225985073614251,0.4769017479240288,0.5842715101312728,0.5604000945302633,0.382077447965288,0.7940577002553871,0.2217443290019187,0.3056134662997585,0.1017951920141511
CRBH14,Barrier Height,1.41932131800775,8.819444612852054,2.849615930040776,1.578228554162582,2.272522377927559,2.418563697716297,1.216673027463585,0.870847979973196,0.8210424140645038,0.9964408950344844,4.38591717872986,1.199248348874214,0.7488721282257942,1.139680434304445,2.820515335051148,0.5029545844630141
DBH22,Barrier Height,0.5058653220906753,3.948872741078632,1.321402236967287,2.490675153006335,1.417453112692347,1.412862695490103,0.8899809793518934,1.053522840760363,1.38909055156145,3.466897169589628,2.555764913794685,1.277063330276147,3.180187851329397,1.174704464054865,1.391483838476592,0.985849547066067
INV23,Barrier Height,0.6707369592840701,1.88918580387932,1.497317601657555,1.625853916747937,1.228285571247421,1.424973303042175,1.323907666632115,1.494221000635533,2.462289800020889,1.560397724155146,1.545631124840179,1.45096364323505,1.322031726989156,1.058039560823152,1.24714249011728,2.048850962052595
ORBH35,Barrier Height,2.338145830644315,2.859778354534345,2.314458352012378,2.265123417313717,2.158401918284353,2.527938869762806,2.954503134611719,3.252027016376568,2.641802626050317,2.976009349075721,2.611679243519116,2.358806404375099,2.299632667953647,2.196916821861759,2.488359792591377,4.788629380866801
PX9,Barrier Height,0.4744823433164329,3.50718128214956,0.9105625500860915,4.36260204380122,0.9797574550304718,7.10406024666206,5.042747228687835,2.642410538702787,2.140784185402468,6.11452421387176,1.323775753843739,1.239175365801116,4.685436222385783,1.816533892245737,2.412580097051662,1.31842345571027
WCPT26,Barrier Height,0.5987257351535441,1.395350817780429,1.30812847553495,2.276584853929282,1.159212563473774,3.287997043422045,2.892726301196634,1.441809512251784,1.857025129042583,4.491389853086121,1.318520268943327,1.458016737651871,3.829777819120016,1.21321076979755,1.470111000464826,0.9440281093876899
Dip146,Electric field,0.03789994789275825,0.06929544731538353,0.06609976356188563,0.06099470682480837,0.06415186303441277,0.07272645654830734,0.05856955343846187,0.06128939552352283,0.07158125288902874,0.05726780482683971,0.05596748107882757,0.04803134740954452,0.06146846821763456,0.05797089865832528,0.05364526162962712,0.04872199141708178
HR46,Electric field,0.100560760030078,0.2122211711956303,0.0762043093173044,0.1230996564340467,0.2063989155449009,0.07725096379805768,0.08807333297987957,0.09271295639778877,0.1546232102400025,0.1418237927652663,0.1472283897027586,0.08930690440452013,0.08556520709672438,0.1874191753187928,0.08090768489724076,0.09727914125797356
OEEF,Electric field,0.1281149157814034,0.5471796921867099,0.3811243973267046,0.328485337371033,0.3690579775047876,0.4965652966242454,0.2816857975328158,0.3546836668930808,0.3681341456017764,0.4860563973062752,0.3506421376791305,0.354044417914133,0.3887406915995955,0.2779401210402465,0.290072648520964,0.2731380103677726
Pol130,Electric field,0.2176585376293461,0.2858232353960394,0.2132600406914344,0.2389257748464803,0.3473017047843479,0.220663429805898,0.2607288036230618,0.2522732822907271,0.2253007709961021,0.2040124058680695,0.2234047398506655,0.2027035612189792,0.1323313684560367,0.2815120212335962,0.1976637013191791,0.9914834807280568
T144,Electric field,0.1563475552124921,0.3744765625819587,0.1541812100165382,0.2000340454313595,0.3121158090769439,0.1466600881893898,0.1473709799132403,0.1666777815889168,0.2205459990346726,0.2573491043000128,0.2620254615881769,0.1667514911770497,0.1782587104814719,0.2839339200074333,0.1479620067083241,0.3091569130486923
V30,Frequency,26.32778564364913,31.87772867059694,33.04614337661008,31.91679426221068,85.95834155780202,39.75141942637516,30.45757602177632,37.60228270847618,52.97327741224544,21.74111747474421,43.74147758766534,40.95257602677695,50.06355222922234,27.78781879236712,35.78043436693189,9.808375653220967
ACONF,Intramolecular Noncovalent,0.06768259874103458,0.9433690075473871,0.1959028897075834,0.6874417367684303,0.03604853675786913,0.08169443767429417,0.2452807944514867,0.3993514720611342,0.5223135180856141,0.630536642516661,0.2025190107420149,0.4443692109046725,0.4221135122686705,0.0575184178265312,0.01752911738757811,0.03166522301968624
Amino20x4,Intramolecular Noncovalent,0.08486194025380858,0.657685091605078,0.3138670533790641,0.5164997403353098,0.2861945601387457,0.2873032964464841,0.3013525958550028,0.3876145991731851,0.5209395589069226,0.4821176585285524,0.3797300548001328,0.3897173253786272,0.3105273742348268,0.1889083252774582,0.1853873037326654,0.1242883276096103
BUT14DIOL,Intramolecular Noncovalent,0.05267122644843724,0.4090306623553681,0.117383200774357,0.1856866628158712,0.2482053326858374,0.2699381055720789,0.1264412010001733,0.2818438232105303,0.3944960418063804,0.2576734956598775,0.5417810455802368,0.1846420634816002,0.1107859259959887,0.02915297143405429,0.03190866457409357,0.04371180133628213
ICONF,Intramolecular Noncovalent,0.1235258379132153,0.58375087972714,0.3819480261457247,0.5301200811973678,0.2633626625114395,0.2780759251827876,0.2969746206189658,0.5106083422184456,0.5397584790813634,0.4050548591736928,0.258376723281349,0.4287752303781747,0.3766287352911674,0.1405822578828093,0.2590056021909013,0.1185923407596851
IDISP,Intramolecular Noncovalent,1.426469429311651,16.26477263238281,6.713939130091649,11.0613097061355,1.703802951714369,2.039223875711226,1.978583232197926,2.939376155166247,3.619886689998388,9.52670544925875,7.147709781263948,9.600741192398182,6.039849648687098,1.65405423069569,2.609327224764096,6.466069829782502
MCONF,Intramolecular Noncovalent,0.3522803944938881,2.478833760900679,0.9095897069737188,1.765756042980855,0.1954577460402037,0.1795072574384584,0.3528951249554927,0.488840490134471,0.5411624170849009,1.665600315186461,0.9847952446426362,1.471163914632782,0.7460214521988012,0.3582923376259504,0.2294805874780085,0.145781887110308
PCONF21,Intramolecular Noncovalent,0.3824429141320091,3.803440783105418,1.294584420986316,2.86849497187487,0.2706052333406707,0.5204610850261848,0.8875596389547991,0.8258519295712639,1.138216530893227,3.082586688064551,1.313350063935803,1.991441821681788,1.320037178245414,0.5761295700446687,0.290419998913823,0.1555119691039905
Pentane13,Intramolecular Noncovalent,0.1340421548128902,0.4114259694873165,0.1337444208719773,0.3565437527273705,0.109447529663842,0.1777526884354833,0.1085332330120862,0.2492860985701118,0.2788632641214364,0.3015969681257827,0.1435965278539409,0.2252559520751161,0.4702535009791262,0.08887695980919799,0.04554059183204627,0.06060027975177735
SCONF,Intramolecular Noncovalent,0.1492250861153417,0.7421860257756596,0.2357942666445735,0.3337028424031896,0.1649213386313449,0.2140781496757323,0.2546140620268925,0.2906429466735984,0.4939088127708371,0.3052090730835713,0.284762226847141,0.3555972348450531,0.1108718731610054,0.129826077362574,0.1631399462824425,0.0997598752776415
UPU23,Intramolecular Noncovalent,0.3468948028181421,2.479865014430988,1.735687467521083,1.996589607935948,0.4369247521047119,0.9276034717135598,0.5987261955887732,0.8300337478315175,0.5262254643438645,1.901499654209034,1.464582066659138,2.067024932591597,1.124553576181473,0.4395429562298206,0.5249793151091658,0.4275398581660219
AlkIsomer11,Isomerization,0.03335756369041983,3.20870742385028,1.29673278302384,2.307683330257341,0.0741123163060231,0.1264426434353977,0.1495387593022924,0.1746193817595457,0.5208790227235262,2.290226957950746,1.773344700164886,2.284307256045144,1.169968824042642,0.1713537896003101,0.5757353616379869,0.29700281963701
C20C246,Isomerization,4.293600659297613,49.60887188119556,12.13139068313353,30.59808770125078,15.94091841274456,19.61888593640044,25.82351016034835,21.89631116389488,11.70018713139601,12.93130356384525,20.32246592628436,12.56909109148431,14.6149118592316,6.849969504373252,6.652857640257577,33.1606838086436
C60ISO7,Isomerization,2.155214905283265,1.828622776711939,4.591420162150098,10.01069480215172,4.269973826407132,9.5578159704378,7.556131934699217,8.170305227719094,1.909732983687393,2.239942184601695,1.970523582616498,6.769587625061935,4.538116468736405,11.35618188070875,13.02150628935282,36.38903757414268
DIE60,Isomerization,0.2423456235009427,1.345393682341408,0.6056579044460904,0.6745211936467493,0.6255488838260698,0.4135465285582169,0.5729166551165294,0.7234788874905925,0.7686875581170651,1.477939153862011,1.316726186427675,1.087711218275856,1.393903451150567,0.5835198984814371,0.6472258840979312,0.3499574473398025
EIE22,Isomerization,0.2138591641831743,1.582675848443481,0.6701039597804881,0.7973239752438535,0.5297231118489389,0.4002748717937198,0.3195095744237805,0.4230542390741903,0.7109990899170002,1.40123479036411,1.308193250418853,1.026903827921637,1.392869581342083,0.1939076545415917,0.2225117672219325,0.4193207390571303
ISO34,Isomerization,0.3587131922218897,2.260583959045294,1.200542641474886,1.299880580444199,0.6024998994106888,1.063522424534085,1.233045112965144,0.9578099711748128,1.491343091172235,1.642862741348253,1.428200372987945,1.447178178928826,1.385965524856995,0.6126737474261756,1.155464258150235,0.3486488707965648
ISOL23,Isomerization,0.9753156116174505,9.804147105190568,3.799864759422283,5.548262603174439,1.813619342332009,2.756768842887638,2.944982659478953,2.292861941915338,2.749698199837414,4.070171749930451,5.349573762748527,3.623121507719176,3.316971784455481,1.446998192587667,2.764286444595939,3.817652341659544
ISOMERIZATION20,Isomerization,0.777746367891454,1.751655243935585,1.796311651313182,1.500143096335513,1.293278671378507,1.548868469676665,1.12593623638376,1.510368720897306,1.489134421530053,1.710328618319595,1.341165899139013,1.502428460740545,2.262227188573363,1.524645157567082,1.2696700926558,2.002577364489701
PArel,Isomerization,0.4428799437166392,1.177846461884886,0.721097247325183,0.7307633718736153,0.9867467252873604,1.026739664218852,0.9722372943456865,0.9288842304048242,1.341461961256321,1.223510128643855,0.9830367010148947,1.007559978356356,1.24630545855436,0.5937700843203908,0.6284158205015027,0.3725148964992734
Styrene42,Isomerization,0.9936864078375335,5.527540273293445,2.368798154956314,3.180727655314026,1.222651815224879,3.737453421256551,2.325826064133537,1.882082195707823,2.345932063816265,2.824976389555786,2.433348969855691,2.418026471911401,3.299496637945304,1.377884297637115,2.623497648178345,3.741653476878735
TAUT15,Isomerization,0.2617054031387422,1.148001373984451,1.105785619729964,0.8940582463136892,0.8155869064583633,1.183667782580661,0.7791825174500834,0.6828580143216242,1.190364948543418,1.151248664394698,0.9065565951388987,0.4560610552798144,1.104026836184862,0.3304243337728243,0.7127202656598259,0.5300768183576449
3B-69,Noncovalent,0.06319409287993497,0.06998825162946636,0.4687868167196652,0.04101257876191908,0.07741118032987204,0.09727558204004855,0.1517214488184893,0.1580159145207229,0.19881111119139,0.04088120993051293,0.07333996687789032,0.2640529810963164,0.06660098641565897,0.1021220250478264,0.08860120391063359,0.9382253252273245
3BHET,Noncovalent,0.08713583063829955,0.1842170903219929,0.7806810790958807,0.1183605138241717,0.1498505707437034,0.179789725452017,0.2942977860919049,0.2751936742895511,0.3095439413865765,0.1422872241607649,0.1783503944409046,0.4191880630805102,0.135054543749139,0.1537662675331082,0.1186615489649781,0.0526494875833497
A19Rel6,Noncovalent,0.05735579103758795,0.5669675697224212,0.5652951336767519,0.311594940795321,0.1154530902031158,0.1333131982463324,0.1786671192337447,0.187443428755056,0.1940743054083098,0.2720950144100868,0.2719656714951951,0.481245536576389,0.1935273367732251,0.05401996057972951,0.04108984273558267,0.04564171066340265
A24,Noncovalent,0.09886455951092997,0.9805370405545908,1.152232966863663,0.5824507431621466,0.1270606022027307,0.21407956078053,0.2068004142793382,0.1666710945173741,0.1936182286326544,0.4661291289332403,0.4146768451998679,0.9390329338217728,0.310809487346244,0.0777625323394014,0.05957655738498222,0.04561799126220027
ADIM6,Noncovalent,0.3267900227138239,4.982475382956348,3.798185903739643,3.542655543157613,0.05463996910585341,0.8622030165206501,0.3547718519685454,0.4967071322196173,1.362732350788194,3.421274074256135,1.936926988389996,4.14549116690512,2.15189849387404,0.104227472487055,0.1318621112114033,0.1699163790880811
AHB21,Noncovalent,0.2536990234978929,0.7826108622742247,0.7855519663056356,0.6796348812340682,0.2395445701860191,1.086739553174328,0.9363499692488434,0.4755226813145879,0.339711543902797,0.9769647221327696,0.4831459741828198,0.627995366595621,1.359171434712571,0.2277194918058632,0.3424662686739097,0.2347843286164258
Bauza30,Noncovalent,0.4525145394226229,1.319448256436157,1.155227625361456,1.112992790554906,0.4349694971125259,1.491989541785691,0.9318707898375252,0.8861771384985014,0.6248404889599258,1.768799686651304,1.139639850498623,1.120843703812129,1.991549009724051,0.4505916586632482,0.655823262956925,1.31377808893872
BzDC215,Noncovalent,0.1259412324974716,1.610234286055577,1.286960544941632,1.042390037016278,0.1618352846406208,0.2454074688008122,0.2214212320831428,0.349644457599626,0.4173405331999209,0.8102139993338068,0.4989437431456917,1.215230658151917,0.3483524437787741,0.1362820727378141,0.1493878170782065,0.1743168497963448
CARBHB8,Noncovalent,0.1106127265177077,0.8463785191949729,1.038867991635541,0.4261940965552267,0.2786947630036359,0.251309088674946,0.1308843337948878,0.2669845420163897,0.2698286424151785,0.3579147200921912,0.4564032419239078,0.664909658363387,0.378613237741173,0.1847568143580618,0.1757806992374725,0.2326235356025283
CHB6,Noncovalent,8.150021743095918,1.133654547482316,1.566632685568339,1.421300707004398,0.5192434865490423,1.83788027597578,1.289527859005403,2.228787355124655,0.2420773732249574,1.042028437868608,1.137424802210821,1.095386980353152,0.7120410243090435,0.7859437354276709,0.7257828542911735,0.5178134819956804
CT20,Noncovalent,0.104933954899103,0.6547546512281123,1.354609093277765,0.3183946339501943,0.1116554002820282,0.1188806748129747,0.1965041195988831,0.3137866072816833,0.1527480369589416,0.3743353409521529,0.2791350352611229,1.055276801816935,0.2138338905514549,0.07300327989584829,0.07875838000290372,0.09969111539058942
DS14,Noncovalent,0.1186509356523543,1.665439288526388,1.511082562817741,1.0467672586108,0.1771745768339817,0.272997274195586,0.2046599172452421,0.1515626517887058,0.2021907925166584,0.857760226566102,0.8577046785304808,1.326844450007053,0.4661454602768891,0.1326635237816013,0.08990121904971511,0.0544277390555986
FmH2O10,Noncovalent,0.1545936544498403,16.10289967976283,8.028688797396104,0.4321400656957763,2.126823821744085,7.283187863527036,8.50825065770855,2.949380070156704,3.403277182023103,3.61901665231797,10.40790843820604,5.882720232603051,8.299294031520045,0.4154173272758414,0.1303205902859503,1.307408089374118
H2O16Rel4,Noncovalent,0.2894752973689736,3.002209186062479,1.650538357881966,2.010780800849612,0.0533408153481585,0.40920413642846,1.907154388255466,1.057229232548467,1.119885284875298,2.733067344940797,1.77923887239925,0.2097761034229239,0.666514929553858,0.03873153193484209,0.3726233146690472,0.6357261757113839
H2O20Rel9,Noncovalent,0.1046509263844202,0.9847103873660298,1.251621451628694,0.6564850655782024,0.1599412881548454,0.3529891463349834,1.104995293821179,0.782744231901819,0.758180973303437,0.8322103017382836,0.6296048467420177,0.7984652617316637,0.242601311495911,0.1042972411363726,0.07912653225186757,0.2067310579196146
HB262,Noncovalent,0.09167510568378165,2.315643620608603,1.916798247779041,1.244481941307487,0.4055951282987336,0.3994817160759245,0.3326783714665255,0.4597685630488889,0.4501510596870129,1.330738708758272,1.461140959823592,1.764622550043739,0.6424361672053941,0.1563210940558545,0.1401371642470355,0.1362552701040578
HB49,Noncovalent,0.1239572828036,1.151893088358183,1.267116385674178,0.6193088652194494,0.2952151360982634,0.4130599477225406,0.3476222122115797,0.3805910118724448,0.4227012683713251,0.7229056644327007,0.9259948745044055,1.027534955070949,0.4675821648505235,0.1761437432298552,0.1953481110491133,0.1151223320871506
HCP32,Noncovalent,0.5902023297834723,1.155514645324554,1.046898026454061,0.7268042847931118,1.061601938273438,0.8967524618977314,0.6038764730827126,0.5552621179009021,0.8616489799006872,1.573002420521332,0.9814885998350262,0.9152978003861578,1.582522395982459,0.5025068944283244,0.4480156443818955,0.6448781423199036
HEAVY28,Noncovalent,0.3005990165978333,1.304396061770601,1.254570733794138,0.9639799868164783,0.2304822800313629,0.3580995205205725,0.3433386711918238,0.2976876326017205,0.3222161308101542,0.6124419025884767,0.6401668511308622,1.036309532399228,0.5280508046261959,0.1787339896349996,0.1738519525195014,0.1044848443221654
HSG,Noncovalent,0.1354924107213385,2.584196468381841,2.414225738184265,1.721684083725004,0.1532583849596267,0.5557120408242917,0.4782398364954917,0.594959668697084,0.2175631911774314,1.669352999858119,1.464012778841925,2.240560578837748,0.9771326242662252,0.08592767853950582,0.1176728115543374,0.06841488337777613
HW30,Noncovalent,0.09365094176441009,1.020969205136181,1.040461182615391,0.4755659927655913,0.1995320093540961,0.2458127801898255,0.286390679448931,0.2517699775844465,0.3146882733968261,0.4188078570567282,0.3963028698254802,0.9004931989467843,0.1845889313190552,0.1345616824662213,0.1064028609005031,0.09051436640487288
HW6Cl5,Noncovalent,0.2965574132115691,5.634289595800066,3.451312699680896,0.7588273023575709,0.8335507038523993,2.614638404290246,2.987641355991035,2.421096849435599,2.173827469102751,0.9257271266968452,2.716219198713385,2.815618531695815,2.097887251148789,0.2092927956212819,0.3484195401110561,0.1501360289437912
HW6F,Noncovalent,0.2755075557957554,4.243029463912582,1.621641402489767,0.8517322865347907,1.123813376854636,3.917420817301422,3.881629203850713,1.823497568255874,2.132743722938148,1.035035564111971,2.209131710831441,1.060395418246436,3.883154878119959,0.1228068589625929,0.1061764832398933,0.4257400255845762
He3,Noncovalent,0.1037381809402302,0.2324098732672029,0.6044136843583214,0.248957619537364,0.4690213271439584,0.3651310391876152,0.3079590492825597,0.2042292385500575,0.260012482115861,0.167838216087578,0.1776398679689364,0.2343067857443853,0.471433870559348,0.1829814373550588,0.1426969030168897,0.08088731871223268
IHB100,Noncovalent,0.1304264586411743,1.498747724854403,1.556878444248206,0.7659893409748711,0.4406335445050844,0.5926560190534219,0.4446608300279539,0.567037944779945,0.5936648741976385,0.7177694340481325,1.041537494753199,1.090624909677649,0.5902152211776821,0.245726194609835,0.2609066779046834,0.2991086631493424
IHB100x2,Noncovalent,0.1678748742830913,1.347014391922804,1.672741519314712,0.6852197144164363,0.513560750301087,0.5363612524473891,0.4261638402532666,0.5797493219928765,0.6061760200376309,0.6367217175682433,0.8328790286856268,1.153875754350121,0.7141641903700221,0.3092723311214015,0.3384442516545676,0.3031203643934148
IL16,Noncovalent,0.2460893040778451,3.824771881322255,3.468749004243626,2.505768082530418,0.8327474289743719,1.413078015013277,0.5285867548855441,1.244966846400097,0.9810665997193846,1.658088693058927,2.427001018650697,2.628796021246619,0.6401646654695119,0.7832339743243972,0.9127367361990153,0.3505868769947513
NBC10,Noncovalent,0.06758235372178013,3.49759110038056,2.65914411881051,2.701628413191009,0.3671198034528924,0.8893803986806867,0.439037664783976,0.5542905111989237,0.2763225595137295,2.367234732002625,1.78679796324869,2.670165667924642,1.433057851985442,0.1010630677056613,0.181626266833364,0.2253630615766419
NC11,Noncovalent,0.03258884883835045,0.2493742045622979,0.7366228807801659,0.1536691293424511,0.05752441528828486,0.0775840562807021,0.1055080567468721,0.1104932487073771,0.07794038469245927,0.0980135798887901,0.0986139353211224,0.43600066202679,0.1231319969542889,0.04531657786299367,0.03819757986116764,0.03085890265530722
O24,Noncovalent,0.309559496295188,1.186915376275145,1.312960804106159,0.7970624947303714,0.4938875491282524,0.7032265608341546,0.5427334644229905,0.5538232511066509,0.628502528713358,0.6685270962363895,0.5794555776901512,1.041200514945803,0.6236025268656932,0.5929655559868419,0.5972845415877069,0.3385860904965803
O24x4,Noncovalent,0.1889761009507322,0.7505795397925027,0.7648106036024155,0.5641378696692989,0.4128230285209809,0.5422869555511306,0.3752649335489823,0.3597726364851009,0.4803802165927544,0.5550000386449149,0.5447175625112646,0.6671975483373931,0.4473600213691047,0.407934962343208,0.4159632860915932,0.2309328453583853
PNICO23,Noncovalent,0.1849673172078725,1.821950744696089,1.52309552713476,1.268432377834465,0.3252990833894802,0.3108698686433455,0.2279931318124216,0.4150502792659828,0.2810446980062768,0.6956387233115696,0.8171207678881014,1.224133491106139,0.4808400340506357,0.2287079387461971,0.1851365210420887,0.06321150057746432
RG10N,Noncovalent,0.0533642550783797,0.3621132145733555,0.616727003783665,0.2131853031438062,0.1391347017844165,0.1634880327679976,0.1020189968797048,0.1663843048187638,0.156255738196392,0.1620701317427109,0.1686674036687674,0.3549906561385752,0.1483265065001738,0.09279615898133452,0.1273785981549015,0.0659447750202344
RG18,Noncovalent,0.06744060812451819,0.8079206684886149,2.02382461531945,0.4525584417421165,0.1242365568767398,0.1210174994675349,0.2299935871523643,0.4012553623240372,0.0813529916102221,0.3545074159764472,0.2512183001941833,1.341783400238282,0.2157820176152951,0.0605281693812067,0.07034957117176702,0.08045889941530192
S22,Noncovalent,0.1550232634250021,3.784760422210589,2.604749758014486,2.551984388840228,0.5395895209749817,0.7929104920120126,0.3799442851866139,0.4641496303309205,0.5635832441918258,2.403389540694328,2.018140450138854,2.630730253243082,1.297006693850352,0.217656795240799,0.2129057926630916,0.1831656953608693
S66,Noncovalent,0.1048149295392122,3.259575307291933,2.389608861458319,2.119173066663443,0.2995113864943086,0.5605975697221282,0.2596997466146937,0.3200076209164957,0.535740019262573,2.066231183848275,1.652123643847771,2.401954551304967,1.100038768945472,0.1219622752585837,0.0971629354550464,0.1454121237261368
S66Rel7,Noncovalent,0.05216301129011815,1.448608724458923,0.6483861334754011,0.9170607308766406,0.1750557252410975,0.1852695047574553,0.2312229827358412,0.3440623429535596,0.3495131140855041,0.9127963211441202,0.7290263619201744,0.7458105508318384,0.4324105554993741,0.06945999034603137,0.1191056172610414,0.08651603313529255
SW49Bind22,Noncovalent,0.4121007372440482,3.544984214680038,2.259636418751679,1.069297621724522,0.2878139517366359,0.04824228089914422,0.6053643281314638,0.612959018261119,0.1716556986743505,1.649458134521104,2.907042007635816,2.132731749325754,0.2552580696722431,0.2752499199897578,0.2863438339716676,0.3631854802563888
SW49Rel28,Noncovalent,0.05567897837192818,0.3204860894489871,0.2121371750396849,0.4006240155419873,0.113739498656217,0.0667140104008271,0.2006517189821707,0.2744093641044946,0.1583124311306364,0.3447493550660662,0.296735097856938,0.2181534131809555,0.3195878698903756,0.1277897988255079,0.2103950899502862,0.1562661655503573
Shields38,Noncovalent,0.1446160674277175,4.129755340323663,4.760078074780696,2.210448465529331,0.5393566906591564,1.801340420661435,1.574957295509247,0.4592592116082693,0.4778398865607392,0.6864983355509664,4.091743967181305,3.712806379689398,2.039694829698648,0.35539586021976,0.5405822114653351,0.3157316352746444
TA13,Noncovalent,0.6710068572065158,2.050498058455148,1.358991924505922,2.080173551060371,1.632235745607007,1.601330122020604,1.06063427638421,1.037311525581024,1.566340652324471,2.00510964654268,1.81218875653411,1.474170105843331,1.64182320224574,1.666261447639863,1.752299353685869,0.5775614788944263
WATER27,Noncovalent,0.4733902728511587,6.186081098295912,6.623245504998985,2.356515461001054,0.817635038692056,2.703860322314904,2.396894118903362,1.544014270433088,1.230251809158018,2.389946888941412,5.886428442695496,5.370184869726181,2.566882894449126,0.3923263698076517,0.8356532653664801,0.606377238729455
X40,Noncovalent,0.1351852272564059,1.971804508813421,1.77390746564517,1.344230509516489,0.235593945344892,0.4329777798621874,0.2762902784953919,0.3965687154013215,0.2753926889340934,1.237464436456142,1.029130886335219,1.666389868419278,0.7681934506805217,0.1462141612025198,0.1650158259651629,0.1420970037475566
X40x5,Noncovalent,0.234682757787768,2.458039527041314,1.919508722087017,1.636736764890311,0.3220402811515584,0.5196153733501225,0.3431125817655629,0.4298622902899584,0.4175927219725986,1.345269470058709,1.159717524045713,1.832831627508699,0.8742103713596088,0.2187079302574765,0.3833787643923158,0.2306802087373221
XB25,Noncovalent,0.1869869522566533,1.201784578405578,1.408179040791698,0.8937236942938622,0.3322599913621012,0.526098694567378,0.5557327341199247,0.6833788287308634,0.3853362086405686,0.7685081294913796,0.8084617379624517,1.267033076367728,0.5795317490511942,0.4446340542138368,0.5089994855998412,0.1714758263538896
AE11,Thermochemistry,410.0970599886496,156.4723802266314,2875.682625563482,47.35872571946609,137.4722672499642,56.9525706324176,161.1381660925796,194.8046924073927,683.8791099942543,408.8472715313811,1157.190105521147,259.2924582484835,188.4178192280445,368.8592165948569,418.2869433165655,502.7538462743714
AE18,Thermochemistry,14.1600535918154,18.26303387142969,20.36295598903689,11.45198576770189,7.525309406452266,9.692055823721843,2.029703647080977,4.158673753457931,7.688744810257298,41.68763753700046,107.1334677995157,5.387600516009453,6.533072635659626,5.308483992520286,11.00147565983967,32.91209677723089
AL2X6,Thermochemistry,1.411433277392022,8.890461984608125,3.353619339064278,6.014314562584398,1.223452711527935,0.7217851273949792,0.870718591983818,2.129685024448418,1.442483241019611,2.767291157359289,2.397459851928375,5.065270206620773,0.9060905062079687,1.312468078463425,1.212974976625929,1.67888314970738
ALK8,Thermochemistry,2.109460877786478,5.822165398958256,3.090599762682539,4.85270840300544,3.674293011205072,2.235767326007064,2.294734328567935,2.26626470217443,3.764925796849787,1.916084083434288,2.120301480463473,1.898480960180633,2.457694381703731,2.502569984429655,0.9190674047345637,3.428035247741542
ALKBDE10,Thermochemistry,5.396473187609242,4.207134319548478,3.633622826374641,4.139778971163189,3.132143321462736,4.389891640850721,3.985401311741777,3.467461009672971,2.719747847623954,5.232546383940082,3.578230086448214,6.500049112216783,6.993135652754995,3.582011464816552,3.702569639181637,11.44993753509224
AlkAtom19,Thermochemistry,0.1784999032100066,13.91274820088365,4.525057989247677,1.821643454413776,2.71241008060653,3.666247469481938,7.689287785664503,6.954698671512292,13.99883585797615,1.343600410659783,5.580865996273363,7.448035377685989,13.3010018529397,0.8708982653156006,1.623348564751217,3.023856102420989
AlkIsod14,Thermochemistry,0.6026287051151363,5.891785118491634,3.535146234034976,4.338163693961323,0.5089774072987739,1.260741964153419,1.578504182861462,1.779777788407387,1.112929817104807,4.458032265878092,4.291424946144692,4.935603882164161,2.323411764424562,0.9680492150724983,1.681173786886549,1.211622167801182
BDE99MR,Thermochemistry,3.128340888590332,3.650224838273306,5.875437725569728,5.745174649669898,3.44254317320531,7.696239397753258,6.318421783275558,6.539049655125519,3.799261162151308,3.331581884790042,3.749306007504409,7.379332566900446,9.985749717776923,3.702226658191619,4.068151948513196,9.533411782006489
BDE99nonMR,Thermochemistry,1.131968474262322,3.186200791170884,2.242623121247294,2.648638950770599,1.74639041567022,2.392401580167983,1.82527669411867,2.221120546685282,2.370135331115339,3.629445220770955,2.355946849722872,2.883248350759627,6.490027582307006,1.526053723962618,2.246010165624207,2.340057806486217
BH76RC,Thermochemistry,0.7576878957771159,2.030385651577362,1.434104339188948,1.579937024309718,1.002888151487474,1.181848174521356,0.9163360311818739,1.098505133495174,1.405064614717339,2.079966783642182,1.106338250592347,1.905891593451936,2.684554049879529,0.8519222527033052,1.4924525065101,0.8245197317593459
BSR36,Thermochemistry,0.453331139451348,10.75658808477853,4.996278490992429,8.087872526721513,0.1810187561230059,1.730849450197986,3.008721807092439,2.396291910335856,0.5112422213214439,7.65137996779436,6.165989333693279,8.826634122859817,3.740031613135234,0.4844139985105919,2.048466969999989,1.271834679224409
CR20,Thermochemistry,0.4723578256240502,10.67674821509734,6.007337521056528,4.533577853490348,0.5972685374937873,0.8060505435246709,1.748508472193279,2.384742640285641,1.436854953759829,1.271382995865129,5.567194585434747,1.580824537116272,1.016534041526751,0.4407818689179349,2.818099575532467,2.829060765443914
DARC,Thermochemistry,1.53001449572068,15.47014166178737,1.914394693473368,7.415488263221905,1.44679158062773,1.362047268800541,2.358396269544947,1.699910260949558,1.710632622901809,3.112151582288387,6.123803958951551,2.921864287124166,2.191822723129323,0.7062201791782129,4.298529241224821,0.4894990835101679
DC13,Thermochemistry,2.097638061732001,15.11509172307547,8.59906129271861,10.20840342192186,4.127495359287783,8.021390040187065,7.108915611457923,7.147588667890405,4.954335766510169,8.574256943778085,8.06117068954143,7.06465739232731,7.64840249726991,5.149615565913516,6.187754597905482,9.727861966164788
DIPCS9,Thermochemistry,2.580543591783668,4.926084411408561,5.46595492922764,4.791427613545807,5.820216469571948,4.504702352073498,3.299438051448305,3.567610493315113,4.571366225446809,3.283271190199924,2.988282591134445,5.304531045396124,4.586113778795506,5.105520543319622,4.310399746800461,5.317680782530886
EA50,Thermochemistry,2.13713008506287,2.039350586177574,2.449675205969164,1.944902530061037,1.66343976440166,2.43823388596843,1.940927194794814,3.454706344967391,1.825374727501182,2.867643029199982,1.780654321069487,2.13930589258614,4.361334789133038,2.067368629427517,2.609971162006672,3.374241943807046
FH51,Thermochemistry,0.5741986167704521,3.848719017146719,1.611057474714582,2.102110811787948,1.052023176844277,1.719302909445531,1.139569574210837,1.180448525091494,1.580010373031997,2.429955838496183,1.992008708190137,1.898132913137297,2.462400238936065,0.9489390481535952,2.220566744772579,1.349339779759476
G21EA,Thermochemistry,1.577456696894936,2.594802606415616,1.69675485734637,2.22500951632622,1.301859066508602,1.733476317687946,1.802378082842481,1.914469507823734,1.434096771001868,2.624228124551082,1.284666142758288,1.90217254853652,4.618210504917358,1.369160564526398,1.859789840784613,2.446802531430246
G21IP,Thermochemistry,1.738609490350785,3.747907929035378,3.263409075553407,3.860244554812648,2.935166221998385,3.27610934264464,2.591647237706125,3.083070832539044,2.499862049218213,3.690175905248725,2.725082813240553,2.930587250498784,4.916104302024526,3.102103580110304,3.014168577101057,2.314413240458085
G2RC24,Thermochemistry,1.163566214153023,2.303559569495642,3.616972473258817,3.075058685251759,2.06539132407296,4.043046349466728,1.793560050510377,3.347530151797117,2.528013775795477,5.953913868196246,2.728076965972635,4.396506076527741,5.540682240091807,2.049496707803403,3.79819143367263,1.348562075343729
HAT707MR,Thermochemistry,2.46867247547917,3.165343173364161,5.326732312468646,3.760506707652159,3.366789082440907,5.922238418815513,4.978491696096503,5.081249791372777,4.4647455599303,3.314758979900001,3.064305608218909,4.326609992855292,4.943754831871629,3.313364004328188,3.955173665885931,8.057751187115672
HAT707nonMR,Thermochemistry,1.329733268154918,3.082160117568866,3.010850133283861,3.291484186405399,1.9011720661246,3.305143127441623,2.501349556884181,2.802948681085177,2.68841481949889,4.044423744440714,2.687568357895865,3.057808606822728,6.269918374970653,1.902893291660124,3.020615963345965,2.790614746108261
HEAVYSB11,Thermochemistry,0.6325414268420292,7.63809543913666,3.676424593815263,7.306827922490041,2.353238795195766,3.484605398517195,8.360049070933982,3.182539833889682,5.092589361198306,3.64145865933499,3.299567743752803,3.621523470431046,6.001738003036457,2.700294079556407,1.436810142712132,1.797469921970176
HNBrBDE18,Thermochemistry,0.4114859873690868,7.003239927320446,3.375899052427964,6.174501977362572,1.753659381185816,2.436444906278792,2.938006493822606,0.7657732451526265,2.250088983499779,3.369220647003093,3.058839561085473,4.901893384173753,7.941608966604807,2.484988586060721,2.348552778010899,1.23036356230226
IP23,Thermochemistry,1.618293707154784,2.485607528242863,3.345348101184301,3.217920508021208,2.755777481602133,3.989337706502002,3.02534083246585,4.405616021813169,2.555667143967792,3.414168393886713,2.5802330049072,3.287647480980369,4.985328685822049,2.665513585928445,2.395012875053206,3.743256304749362
IP30,Thermochemistry,2.491259315455304,5.659380896792852,3.70087251052995,4.123893075188542,4.219276690615495,3.424371546785372,2.397879231110212,3.080550703599118,4.102769129640383,6.552760508349189,4.85415531381576,3.750242699006432,7.168668884272678,5.358702589153313,5.122608566866564,3.347690591490914
MB08-165,Thermochemistry,3.933331574279447,8.085296735683116,5.582713885131107,8.835358353674449,3.953193547893069,6.826935995001184,4.761639294228577,4.973751879740383,6.738405503338709,8.624293573208908,4.780551716704084,8.102799078965939,8.916256608076491,3.790403667966371,7.685034343504131,3.894862347979501
MB16-43,Thermochemistry,22.56681307271607,58.0104889653819,11.46807403387033,49.04812983030574,8.496228675916234,23.97447648770498,14.43190413297978,16.13563826540555,19.50480917614175,18.22541922227364,13.3704491900503,37.72726802483129,13.7676695397936,15.43012648456639,34.01890616962748,20.03721199425687
MX34,Thermochemistry,36.36654940354032,40.10686264867818,18.89560614845398,24.37783904757249,14.3642595727062,9.287484357012096,14.41213149718722,8.827977228524073,7.323010925124347,29.08931470386753,19.14386099266781,32.43273299240672,25.23186439980472,13.55256653175613,12.61192056332115,19.06602770103489
NBPRC,Thermochemistry,0.6820879813370043,5.111763907971134,1.583207350698713,3.387839612916279,1.312656904923219,1.64254359778183,0.9738792466193346,2.016403139700367,1.783784682722066,2.555299589224397,2.222727488390663,2.597965650645865,1.969858953758653,0.9487755260665574,1.486188196976709,0.746195378902588
P34AE,Thermochemistry,0.7489747287681783,9.810721533923473,3.898327083955606,6.616379038488054,3.894657930538834,5.360744902862918,10.33324180468451,4.263863373730817,9.850286716584522,5.559856906364276,4.348278870332302,7.804128835448992,9.991041673808587,4.026815737034895,1.885368802506888,6.863699234604733
P34EA,Thermochemistry,1.059821486395372,2.495318106659109,3.967191214099386,2.444405355570072,1.895155098121425,2.067791105033508,3.712602909079974,3.887058707453639,2.162962210942764,1.287079613349033,2.236323318602532,1.529249945136232,1.21271380725615,2.782117233006963,3.516616472747108,1.099233983808449
P34IP,Thermochemistry,1.070719135303462,2.638490583220774,5.168964764626761,2.438501402034442,1.927084606916649,1.669503543217403,4.313258027365159,3.991879518779567,3.926777000510631,2.337716005206407,2.573922623562918,1.77107959367706,2.472525045188623,3.095432034289032,3.078145440970312,2.003698075602533
PA26,Thermochemistry,0.9837278327026738,2.28158196770252,1.968354760991647,1.325919566215188,1.313350153221182,1.154043734146551,1.287335186440446,0.9452298754707295,1.627699269636951,2.426856203347163,2.227417106938939,3.356426032030096,2.468351553613359,1.503315381905575,2.528357366795722,1.764836574258671
PlatonicRE18,Thermochemistry,2.678210543282385,22.9989166402222,15.72775347233932,19.29416089408527,3.487545834395859,13.60813652710359,9.23759570759542,10.68892770375128,11.61266520911742,14.39738226620895,16.29944844340778,16.9948474318776,11.85052162593358,3.612016518474874,4.739460988129792,3.393067614602632
PlatonicTAE6,Thermochemistry,3.827893289953655,41.33101155487822,9.013611283642417,15.26253962168734,4.354964591126456,6.669899019630388,10.98872950261563,14.70345437686255,9.813323089360665,29.58140133807494,8.523324399559764,5.123094294757493,21.46672450537595,4.017468880254398,7.271176234036261,5.3959729146668
RC21,Thermochemistry,1.138929949407226,2.245525734070388,2.203903547603607,1.980472434626031,1.546818592838542,2.563116696487558,1.582290209339707,1.481656598653897,1.722341395385923,4.177343854085591,2.315923685240278,2.89310141325134,3.99024183137773,1.818010638183336,3.49796199363949,1.714103464908499
RSE43,Thermochemistry,0.4144157367971217,2.005282051684802,1.219915957234609,1.391296334925481,0.7829771498409849,0.8516524127337518,0.6482557968165906,0.5822334819911058,1.3584399724236,1.605273955764357,2.245179231537515,1.474231258834323,0.8226361367541994,0.786577831312804,0.9947256498032951,0.9321506345378376
SIE4x4,Thermochemistry,5.186589431796174,17.46305549966796,10.07612654623216,13.41492140926649,10.8683371769256,8.58978620005539,8.539487487905607,8.463982830079734,11.27558779001386,14.00634835124362,15.07892121019382,10.19673226307342,10.79805939850575,10.61259623592277,11.3722050197783,3.96057115185221
SN13,Thermochemistry,0.8204588530088225,2.263780317968793,0.669298269576815,1.831479541752001,0.5706338495909722,1.196552664362631,0.6952773886759093,0.7623736364472038,2.811084195555378,0.9345407270419923,0.7008098307748548,2.311482815868281,1.901934210586237,0.504410245450226,0.819577680075876,1.099691662106555
TAE_W4-17MR,Thermochemistry,3.249752457478237,4.429401921851388,7.446207001350509,6.116539378533197,3.079523267203066,7.838630995444223,6.320884483420677,7.286144745399136,3.894243818094008,2.751123167775084,2.434086260892393,10.16088849397869,15.68024085217485,3.964409077846842,3.573784053726645,11.81519073251763
TAE_W4-17nonMR,Thermochemistry,1.10527179762465,4.964876925019099,2.461914153182843,3.285683894639178,2.402681843765565,3.00011436868017,2.330174404429585,2.630387997937846,2.956640160497785,3.990803858402818,2.121237241741774,4.119837401908894,11.72795125037153,1.695687977942506,2.163925255988373,3.346389386370925
WCPT6,Thermochemistry,0.4483462425278099,0.9574375043267865,1.402352734209081,0.8749159192090161,0.5721265337231269,1.144677891368557,0.7984290194898532,0.7224869758145646,1.188231012645431,0.9424560921303285,0.8150857041838439,0.6850707717007616,0.9822750613970491,0.3426055309534257,0.8777185961463484,0.5429025181930183
YBDE18,Thermochemistry,1.009649084976056,8.251075112299263,5.125225867744253,5.451210346081328,2.621779449550419,1.014347485465745,2.530940313521072,2.21484570172464,3.406475326591442,2.594839634630016,4.178965809700087,3.585558334518244,4.006927812291625,2.978937531800584,2.063045498417099,1.571720720948315
3d4dIPSS,Transition Metal,4.250744603296406,5.858268129998627,6.660878130090012,3.7087596211195044,3.40922128373352,8.2865558371694,6.709146097982229,4.003356038893024,5.353539844200045,7.143041149707705,4.198796698252396,3.9114635829473645,15.434792703575024,3.7137328316936173,4.727810283070767,2.720826913613383
CUAGAU83,Transition Metal,2.650846155627831,6.083870072513624,4.542049782916617,5.633107175914561,3.035704964227508,6.835015448938392,11.58590461787494,11.07990869494837,3.421217456908673,5.5307963536217,5.4081755021904,6.768449001962882,4.84617643589349,5.875245087556624,6.206587682880117,3.684193328785947
DAPD,Transition Metal,4.607186491430297,2.660214412481293,11.92762888783766,4.761279903636709,2.472611146860696,8.43843528305069,12.89664217834482,15.99258813349942,2.6136504350604,2.792648261930119,2.203601130286787,7.330319618782146,4.222222881791224,6.264820621215812,5.853693883774981,6.291847973236635
MME52,Transition Metal,3.149449932564372,5.284955232106345,3.784353257876207,4.017528446241038,2.727449679775537,2.97230287130546,3.313120238373246,3.35048623976475,3.203885017036119,3.883417468976577,3.210468895896615,3.302760502248765,3.187425662931485,2.58171358274318,2.624988796093977,2.930353625124135
MOBH28,Transition Metal,1.100650872326611,3.06355718588374,2.433464740500198,2.513724987281642,1.63675742286813,1.956609281730578,2.402550819055616,2.512809165209824,1.612511683799983,2.184786238770784,1.7473899730658,2.657303023072782,1.86481172656652,1.632152331399249,2.060501457995488,2.829296727661978
MOR13,Transition Metal,5.285263526251764,10.62391633577069,6.311235926771175,8.509602426983204,2.87873784551919,3.712149922857823,6.325794078943062,5.527643858736711,2.823834208180724,6.773212750607043,6.301306955332207,7.940814000742022,4.180612680249367,2.146218677007288,2.18490801503813,2.992898706798864
ROST61,Transition Metal,1.819113885555801,9.834910222970052,6.108630892332635,7.886695086300633,4.034569735730238,4.985055095652056,6.490209724977268,5.477692259599362,3.987357457226821,6.181147767176772,5.11090423209455,7.422987762297961,4.253591573187538,2.785122329542783,2.79790069068725,2.083730089898232
TMB11,Transition Metal,0.6547470304867425,2.490740120197664,3.062993043872686,2.448647486312591,1.297548859138946,1.436719153850724,2.222337449481131,2.274437598792041,1.610486025448433,1.76870757058524,1.424410509897307,2.645580547299057,1.700196696606134,1.306388430985854,1.961764060601479,1.415490959653512
TMD10,Transition Metal,7.491177139956022,4.881304576046806,6.303408375964869,5.526761341955961,3.816525736133325,11.17528656117945,9.304598496046234,6.806160332069315,3.9864459456158,4.731174471772432,4.169957997693319,9.736061372339737,12.69180681642205,5.702846116549368,3.742782485674831,9.891379078489726
