,wB97M2,wB97M-V,CF22D,wB97X-V,revDSD-PBEP86-D4,M052X,M062X,M08HX,MN15,r2SCAN0,PW6B95,PBE0,CAMB3LYP,SOGGA11X,BMK,B3LYP
Mean,0.9463944645629757,1.0735821167511292,1.2471070115044953,1.3107832231433847,1.519705002501101,1.939349746040784,1.9689682778340498,1.9918468090507129,2.007614891837615,2.809419532764506,3.275102467540149,3.4754278059373664,3.6457506327962315,4.112602311807282,4.521365633978707,5.6889058210057195
Mean Barrier Height,0.6682301509999484,1.0615777948677703,1.1170467075921746,1.5679579980534364,1.21654957310908,1.980175216602122,1.5384461460877548,1.2538321969192732,1.3678748932916722,2.0758731186331736,1.939300075785767,2.4304984214237195,2.261613590144001,1.5385014494360008,1.6315653747812078,3.292905240210722
Mean Electric field,1.0389058261770845,1.8072393663653201,1.9816234926156138,1.0408930977678472,1.8874031002086398,1.0623293426584919,1.020916802364559,1.2059352720972183,1.5371837421726382,1.1161389397054065,1.4724692558513328,1.5685373541390724,1.2987277706133757,1.0892859664303152,1.0450579976753374,2.068887455683057
Mean Frequency,0.8761390189108855,0.9247261666417655,2.8605313815236437,1.1907053288404932,0.3264042308091426,1.3228522173473678,1.0135706487174443,1.2513330033502676,1.7628506980672671,1.6660205353769828,1.4556338226884624,0.7235033584737633,1.0621306778387134,1.3628244421169182,1.0997132772211318,1.0608306486768089
Mean Intramolecular Noncovalent,1.0212744636477855,1.070760594234186,1.254228493669825,0.9298746049867763,1.0031513924335278,1.7075206893035066,1.9743233864179839,2.9647082310094857,3.717786348261253,3.4250015680481987,3.4000011998850006,5.472002700319377,5.756046004437874,4.465077789117875,2.860608106593312,8.069714020115045
Mean Isomerization,0.5554706594409681,1.3026256225292394,1.2205685157285704,1.9039982587430169,3.066442516463452,1.7614001811234943,1.6087310781155344,1.594667840163089,1.7684740556372405,2.7628751331704153,3.0127406389923097,3.4359865429401277,3.6031200079395806,3.252295269709015,2.3406372167498826,4.920660937042597
Mean Noncovalent,1.0974513276291946,0.8907496469055051,1.408631313497503,0.9785908341633726,1.2320597108469644,2.6457961867534943,2.6228941706177875,2.5426582549020367,2.319516178483718,3.6077982991115665,4.936263404743011,5.070317696035595,5.355664417772943,7.432988269066845,9.050913293739708,9.16296128705797
Mean Thermochemistry,0.924646296873365,1.1099940360105252,1.0514733127841014,1.5673867316491432,1.653728971267124,1.4631116495998713,1.5780742084171744,1.571916769843532,1.7850971557335542,2.5258601942763144,2.621910765137442,2.35314393346673,2.5051831055742504,2.3918254766167517,2.5973329799792673,3.6921157574060754
Mean Transition Metal,1.0193269985846296,1.1578815525165294,1.006519751200828,1.235811572263077,1.3187141560210485,1.7117737562252167,2.2515963420071925,2.1981810241649113,1.0695990082952027,1.6225410197444807,1.3292634593753068,1.5758810952769284,1.8161076115207222,2.0004917903304555,1.9551627005060173,2.094356101785324
